DESCRIPTION,PRODUCT,MATERIAL,GRADE,SURFACE,NESTING_ALGO,CERTS,NOM UNITS,NOM L,ACTUAL L,NOM W,ACTUAL W,NOM H,ACTUAL H,WALL,PACK 1,PACK 2,PACK 3,KGM,BASELINE_SUPPLIER
,,,,,,,,,,,,,,,,,,,
75PFC 9m,PFC,PLAIN_CARBON_STEEL,GR300,NONE,METERAGE,TRUE,MILLIMETERS,9000,,,,75,,,1,,,5.92,https://www.southernsteel.com.au/wp-content/uploads/2023/03/Southern-Steel-Supplies-Steel-Reference-Guide-Apr-2023-Rev-4.pdf
,,,,,,,,,,,,,,,,,,,
100PFC 9m,PFC,PLAIN_CARBON_STEEL,GR300,NONE,METERAGE,TRUE,MILLIMETERS,9000,,,,100,,,1,,,8.33,https://www.southernsteel.com.au/wp-content/uploads/2023/03/Southern-Steel-Supplies-Steel-Reference-Guide-Apr-2023-Rev-4.pdf
100PFC 12m,PFC,PLAIN_CARBON_STEEL,GR300,NONE,METERAGE,TRUE,MILLIMETERS,12000,,,,100,,,1,,,8.33,https://www.southernsteel.com.au/wp-content/uploads/2023/03/Southern-Steel-Supplies-Steel-Reference-Guide-Apr-2023-Rev-4.pdf
,,,,,,,,,,,,,,,,,,,
125PFC 9m,PFC,PLAIN_CARBON_STEEL,GR300,NONE,METERAGE,TRUE,MILLIMETERS,9000,,,,125,,,1,,,11.9,https://www.southernsteel.com.au/wp-content/uploads/2023/03/Southern-Steel-Supplies-Steel-Reference-Guide-Apr-2023-Rev-4.pdf
,,,,,,,,,,,,,,,,,,,
150PFC 9m,PFC,PLAIN_CARBON_STEEL,GR300,NONE,METERAGE,TRUE,MILLIMETERS,9000,,,,150,,,1,,,17.7,https://www.southernsteel.com.au/wp-content/uploads/2023/03/Southern-Steel-Supplies-Steel-Reference-Guide-Apr-2023-Rev-4.pdf
150PFC 12m,PFC,PLAIN_CARBON_STEEL,GR300,NONE,METERAGE,TRUE,MILLIMETERS,12000,,,,150,,,1,,,17.7,https://www.southernsteel.com.au/wp-content/uploads/2023/03/Southern-Steel-Supplies-Steel-Reference-Guide-Apr-2023-Rev-4.pdf
,,,,,,,,,,,,,,,,,,,
180PFC 9m,PFC,PLAIN_CARBON_STEEL,GR300,NONE,METERAGE,TRUE,MILLIMETERS,9000,,,,180,,,1,,,20.9,https://www.southernsteel.com.au/wp-content/uploads/2023/03/Southern-Steel-Supplies-Steel-Reference-Guide-Apr-2023-Rev-4.pdf
180PFC 12m,PFC,PLAIN_CARBON_STEEL,GR300,NONE,METERAGE,TRUE,MILLIMETERS,12000,,,,180,,,1,,,20.9,https://www.southernsteel.com.au/wp-content/uploads/2023/03/Southern-Steel-Supplies-Steel-Reference-Guide-Apr-2023-Rev-4.pdf
,,,,,,,,,,,,,,,,,,,
200PFC 9m,PFC,PLAIN_CARBON_STEEL,GR300,NONE,METERAGE,TRUE,MILLIMETERS,9000,,,,200,,,1,,,22.9,https://www.southernsteel.com.au/wp-content/uploads/2023/03/Southern-Steel-Supplies-Steel-Reference-Guide-Apr-2023-Rev-4.pdf
200PFC 12m,PFC,PLAIN_CARBON_STEEL,GR300,NONE,METERAGE,TRUE,MILLIMETERS,12000,,,,200,,,1,,,22.9,https://www.southernsteel.com.au/wp-content/uploads/2023/03/Southern-Steel-Supplies-Steel-Reference-Guide-Apr-2023-Rev-4.pdf
200PFC 13.5m,PFC,PLAIN_CARBON_STEEL,GR300,NONE,METERAGE,TRUE,MILLIMETERS,13500,,,,200,,,1,,,22.9,https://www.southernsteel.com.au/wp-content/uploads/2023/03/Southern-Steel-Supplies-Steel-Reference-Guide-Apr-2023-Rev-4.pdf
200PFC 15m,PFC,PLAIN_CARBON_STEEL,GR300,NONE,METERAGE,TRUE,MILLIMETERS,15000,,,,200,,,1,,,22.9,https://www.southernsteel.com.au/wp-content/uploads/2023/03/Southern-Steel-Supplies-Steel-Reference-Guide-Apr-2023-Rev-4.pdf
,,,,,,,,,,,,,,,,,,,
230PFC 9m,PFC,PLAIN_CARBON_STEEL,GR300,NONE,METERAGE,TRUE,MILLIMETERS,9000,,,,230,,,1,,,25.1,https://www.southernsteel.com.au/wp-content/uploads/2023/03/Southern-Steel-Supplies-Steel-Reference-Guide-Apr-2023-Rev-4.pdf
230PFC 12m,PFC,PLAIN_CARBON_STEEL,GR300,NONE,METERAGE,TRUE,MILLIMETERS,12000,,,,230,,,1,,,25.1,https://www.southernsteel.com.au/wp-content/uploads/2023/03/Southern-Steel-Supplies-Steel-Reference-Guide-Apr-2023-Rev-4.pdf
,,,,,,,,,,,,,,,,,,,
250PFC 9m,PFC,PLAIN_CARBON_STEEL,GR300,NONE,METERAGE,TRUE,MILLIMETERS,9000,,,,250,,,1,,,35.5,https://www.southernsteel.com.au/wp-content/uploads/2023/03/Southern-Steel-Supplies-Steel-Reference-Guide-Apr-2023-Rev-4.pdf
250PFC 12m,PFC,PLAIN_CARBON_STEEL,GR300,NONE,METERAGE,TRUE,MILLIMETERS,12000,,,,250,,,1,,,35.5,https://www.southernsteel.com.au/wp-content/uploads/2023/03/Southern-Steel-Supplies-Steel-Reference-Guide-Apr-2023-Rev-4.pdf
,,,,,,,,,,,,,,,,,,,
300PFC 9m,PFC,PLAIN_CARBON_STEEL,GR300,NONE,METERAGE,TRUE,MILLIMETERS,9000,,,,300,,,1,,,40.1,https://www.southernsteel.com.au/wp-content/uploads/2023/03/Southern-Steel-Supplies-Steel-Reference-Guide-Apr-2023-Rev-4.pdf
300PFC 12m,PFC,PLAIN_CARBON_STEEL,GR300,NONE,METERAGE,TRUE,MILLIMETERS,12000,,,,300,,,1,,,40.1,https://www.southernsteel.com.au/wp-content/uploads/2023/03/Southern-Steel-Supplies-Steel-Reference-Guide-Apr-2023-Rev-4.pdf
,,,,,,,,,,,,,,,,,,,
380PFC 9m,PFC,PLAIN_CARBON_STEEL,GR300,NONE,METERAGE,TRUE,MILLIMETERS,9000,,,,380,,,1,,,55.2,https://www.southernsteel.com.au/wp-content/uploads/2023/03/Southern-Steel-Supplies-Steel-Reference-Guide-Apr-2023-Rev-4.pdf
380PFC 12m,PFC,PLAIN_CARBON_STEEL,GR300,NONE,METERAGE,TRUE,MILLIMETERS,12000,,,,380,,,1,,,55.2,https://www.southernsteel.com.au/wp-content/uploads/2023/03/Southern-Steel-Supplies-Steel-Reference-Guide-Apr-2023-Rev-4.pdf
,,,,,,,,,,,,,,,,,,,
150 UB 14 9m,UB,PLAIN_CARBON_STEEL,GR300,NONE,METERAGE,TRUE,MILLIMETERS,9000,,,,150,,,1,,,14.0,https://www.southernsteel.com.au/wp-content/uploads/2023/03/Southern-Steel-Supplies-Steel-Reference-Guide-Apr-2023-Rev-4.pdf
150 UB 14 12m,UB,PLAIN_CARBON_STEEL,GR300,NONE,METERAGE,TRUE,MILLIMETERS,12000,,,,150,,,1,,,14.0,https://www.southernsteel.com.au/wp-content/uploads/2023/03/Southern-Steel-Supplies-Steel-Reference-Guide-Apr-2023-Rev-4.pdf
150 UB 18 9m,UB,PLAIN_CARBON_STEEL,GR300,NONE,METERAGE,TRUE,MILLIMETERS,9000,,,,150,,,1,,,18.0,https://www.southernsteel.com.au/wp-content/uploads/2023/03/Southern-Steel-Supplies-Steel-Reference-Guide-Apr-2023-Rev-4.pdf
150 UB 18 12m,UB,PLAIN_CARBON_STEEL,GR300,NONE,METERAGE,TRUE,MILLIMETERS,12000,,,,150,,,1,,,18.0,https://www.southernsteel.com.au/wp-content/uploads/2023/03/Southern-Steel-Supplies-Steel-Reference-Guide-Apr-2023-Rev-4.pdf
180 UB 18 9m,UB,PLAIN_CARBON_STEEL,GR300,NONE,METERAGE,TRUE,MILLIMETERS,9000,,,,180,,,1,,,18.1,https://www.southernsteel.com.au/wp-content/uploads/2023/03/Southern-Steel-Supplies-Steel-Reference-Guide-Apr-2023-Rev-4.pdf
180 UB 18 12m,UB,PLAIN_CARBON_STEEL,GR300,NONE,METERAGE,TRUE,MILLIMETERS,12000,,,,180,,,1,,,18.1,https://www.southernsteel.com.au/wp-content/uploads/2023/03/Southern-Steel-Supplies-Steel-Reference-Guide-Apr-2023-Rev-4.pdf
180 UB 22 9m,UB,PLAIN_CARBON_STEEL,GR300,NONE,METERAGE,TRUE,MILLIMETERS,9000,,,,180,,,1,,,22.2,https://www.southernsteel.com.au/wp-content/uploads/2023/03/Southern-Steel-Supplies-Steel-Reference-Guide-Apr-2023-Rev-4.pdf
180 UB 22 12m,UB,PLAIN_CARBON_STEEL,GR300,NONE,METERAGE,TRUE,MILLIMETERS,12000,,,,180,,,1,,,22.2,https://www.southernsteel.com.au/wp-content/uploads/2023/03/Southern-Steel-Supplies-Steel-Reference-Guide-Apr-2023-Rev-4.pdf
200 UB 18 9m,UB,PLAIN_CARBON_STEEL,GR300,NONE,METERAGE,TRUE,MILLIMETERS,9000,,,,200,,,1,,,18.2,https://www.southernsteel.com.au/wp-content/uploads/2023/03/Southern-Steel-Supplies-Steel-Reference-Guide-Apr-2023-Rev-4.pdf
200 UB 18 12m,UB,PLAIN_CARBON_STEEL,GR300,NONE,METERAGE,TRUE,MILLIMETERS,12000,,,,200,,,1,,,18.2,https://www.southernsteel.com.au/wp-content/uploads/2023/03/Southern-Steel-Supplies-Steel-Reference-Guide-Apr-2023-Rev-4.pdf
200 UB 22 9m,UB,PLAIN_CARBON_STEEL,GR300,NONE,METERAGE,TRUE,MILLIMETERS,9000,,,,200,,,1,,,22.3,https://www.southernsteel.com.au/wp-content/uploads/2023/03/Southern-Steel-Supplies-Steel-Reference-Guide-Apr-2023-Rev-4.pdf
200 UB 22 12m,UB,PLAIN_CARBON_STEEL,GR300,NONE,METERAGE,TRUE,MILLIMETERS,12000,,,,200,,,1,,,22.3,https://www.southernsteel.com.au/wp-content/uploads/2023/03/Southern-Steel-Supplies-Steel-Reference-Guide-Apr-2023-Rev-4.pdf
200 UB 25 9m,UB,PLAIN_CARBON_STEEL,GR300,NONE,METERAGE,TRUE,MILLIMETERS,9000,,,,200,,,1,,,25.4,https://www.southernsteel.com.au/wp-content/uploads/2023/03/Southern-Steel-Supplies-Steel-Reference-Guide-Apr-2023-Rev-4.pdf
200 UB 25 12m,UB,PLAIN_CARBON_STEEL,GR300,NONE,METERAGE,TRUE,MILLIMETERS,12000,,,,200,,,1,,,25.4,https://www.southernsteel.com.au/wp-content/uploads/2023/03/Southern-Steel-Supplies-Steel-Reference-Guide-Apr-2023-Rev-4.pdf
200 UB 30 9m,UB,PLAIN_CARBON_STEEL,GR300,NONE,METERAGE,TRUE,MILLIMETERS,9000,,,,200,,,1,,,29.8,https://www.southernsteel.com.au/wp-content/uploads/2023/03/Southern-Steel-Supplies-Steel-Reference-Guide-Apr-2023-Rev-4.pdf
200 UB 30 12m,UB,PLAIN_CARBON_STEEL,GR300,NONE,METERAGE,TRUE,MILLIMETERS,12000,,,,200,,,1,,,29.8,https://www.southernsteel.com.au/wp-content/uploads/2023/03/Southern-Steel-Supplies-Steel-Reference-Guide-Apr-2023-Rev-4.pdf
250 UB 26 9m,UB,PLAIN_CARBON_STEEL,GR300,NONE,METERAGE,TRUE,MILLIMETERS,9000,,,,250,,,1,,,25.7,https://www.southernsteel.com.au/wp-content/uploads/2023/03/Southern-Steel-Supplies-Steel-Reference-Guide-Apr-2023-Rev-4.pdf
250 UB 26 12m,UB,PLAIN_CARBON_STEEL,GR300,NONE,METERAGE,TRUE,MILLIMETERS,12000,,,,250,,,1,,,25.7,https://www.southernsteel.com.au/wp-content/uploads/2023/03/Southern-Steel-Supplies-Steel-Reference-Guide-Apr-2023-Rev-4.pdf
250 UB 31 9m,UB,PLAIN_CARBON_STEEL,GR300,NONE,METERAGE,TRUE,MILLIMETERS,9000,,,,250,,,1,,,31.4,https://www.southernsteel.com.au/wp-content/uploads/2023/03/Southern-Steel-Supplies-Steel-Reference-Guide-Apr-2023-Rev-4.pdf
250 UB 31 12m,UB,PLAIN_CARBON_STEEL,GR300,NONE,METERAGE,TRUE,MILLIMETERS,12000,,,,250,,,1,,,31.4,https://www.southernsteel.com.au/wp-content/uploads/2023/03/Southern-Steel-Supplies-Steel-Reference-Guide-Apr-2023-Rev-4.pdf
250 UB 37 9m,UB,PLAIN_CARBON_STEEL,GR300,NONE,METERAGE,TRUE,MILLIMETERS,9000,,,,250,,,1,,,37.3,https://www.southernsteel.com.au/wp-content/uploads/2023/03/Southern-Steel-Supplies-Steel-Reference-Guide-Apr-2023-Rev-4.pdf
250 UB 37 12m,UB,PLAIN_CARBON_STEEL,GR300,NONE,METERAGE,TRUE,MILLIMETERS,12000,,,,250,,,1,,,37.3,https://www.southernsteel.com.au/wp-content/uploads/2023/03/Southern-Steel-Supplies-Steel-Reference-Guide-Apr-2023-Rev-4.pdf
310 UB 32 9m,UB,PLAIN_CARBON_STEEL,GR300,NONE,METERAGE,TRUE,MILLIMETERS,9000,,,,310,,,1,,,32.0,https://www.southernsteel.com.au/wp-content/uploads/2023/03/Southern-Steel-Supplies-Steel-Reference-Guide-Apr-2023-Rev-4.pdf
310 UB 32 12m,UB,PLAIN_CARBON_STEEL,GR300,NONE,METERAGE,TRUE,MILLIMETERS,12000,,,,310,,,1,,,32.0,https://www.southernsteel.com.au/wp-content/uploads/2023/03/Southern-Steel-Supplies-Steel-Reference-Guide-Apr-2023-Rev-4.pdf
310 UB 40 9m,UB,PLAIN_CARBON_STEEL,GR300,NONE,METERAGE,TRUE,MILLIMETERS,9000,,,,310,,,1,,,40.4,https://www.southernsteel.com.au/wp-content/uploads/2023/03/Southern-Steel-Supplies-Steel-Reference-Guide-Apr-2023-Rev-4.pdf
310 UB 40 12m,UB,PLAIN_CARBON_STEEL,GR300,NONE,METERAGE,TRUE,MILLIMETERS,12000,,,,310,,,1,,,40.4,https://www.southernsteel.com.au/wp-content/uploads/2023/03/Southern-Steel-Supplies-Steel-Reference-Guide-Apr-2023-Rev-4.pdf
310 UB 46 9m,UB,PLAIN_CARBON_STEEL,GR300,NONE,METERAGE,TRUE,MILLIMETERS,9000,,,,310,,,1,,,46.2,https://www.southernsteel.com.au/wp-content/uploads/2023/03/Southern-Steel-Supplies-Steel-Reference-Guide-Apr-2023-Rev-4.pdf
310 UB 46 12m,UB,PLAIN_CARBON_STEEL,GR300,NONE,METERAGE,TRUE,MILLIMETERS,12000,,,,310,,,1,,,46.2,https://www.southernsteel.com.au/wp-content/uploads/2023/03/Southern-Steel-Supplies-Steel-Reference-Guide-Apr-2023-Rev-4.pdf
360 UB 45 9m,UB,PLAIN_CARBON_STEEL,GR300,NONE,METERAGE,TRUE,MILLIMETERS,9000,,,,360,,,1,,,44.7,https://www.southernsteel.com.au/wp-content/uploads/2023/03/Southern-Steel-Supplies-Steel-Reference-Guide-Apr-2023-Rev-4.pdf
360 UB 45 12m,UB,PLAIN_CARBON_STEEL,GR300,NONE,METERAGE,TRUE,MILLIMETERS,12000,,,,360,,,1,,,44.7,https://www.southernsteel.com.au/wp-content/uploads/2023/03/Southern-Steel-Supplies-Steel-Reference-Guide-Apr-2023-Rev-4.pdf
360 UB 51 9m,UB,PLAIN_CARBON_STEEL,GR300,NONE,METERAGE,TRUE,MILLIMETERS,9000,,,,360,,,1,,,50.7,https://www.southernsteel.com.au/wp-content/uploads/2023/03/Southern-Steel-Supplies-Steel-Reference-Guide-Apr-2023-Rev-4.pdf
360 UB 51 12m,UB,PLAIN_CARBON_STEEL,GR300,NONE,METERAGE,TRUE,MILLIMETERS,12000,,,,360,,,1,,,50.7,https://www.southernsteel.com.au/wp-content/uploads/2023/03/Southern-Steel-Supplies-Steel-Reference-Guide-Apr-2023-Rev-4.pdf
360 UB 57 9m,UB,PLAIN_CARBON_STEEL,GR300,NONE,METERAGE,TRUE,MILLIMETERS,9000,,,,360,,,1,,,56.7,https://www.southernsteel.com.au/wp-content/uploads/2023/03/Southern-Steel-Supplies-Steel-Reference-Guide-Apr-2023-Rev-4.pdf
360 UB 57 12m,UB,PLAIN_CARBON_STEEL,GR300,NONE,METERAGE,TRUE,MILLIMETERS,12000,,,,360,,,1,,,56.7,https://www.southernsteel.com.au/wp-content/uploads/2023/03/Southern-Steel-Supplies-Steel-Reference-Guide-Apr-2023-Rev-4.pdf
410 UB 54 9m,UB,PLAIN_CARBON_STEEL,GR300,NONE,METERAGE,TRUE,MILLIMETERS,9000,,,,410,,,1,,,53.7,https://www.southernsteel.com.au/wp-content/uploads/2023/03/Southern-Steel-Supplies-Steel-Reference-Guide-Apr-2023-Rev-4.pdf
410 UB 54 12m,UB,PLAIN_CARBON_STEEL,GR300,NONE,METERAGE,TRUE,MILLIMETERS,12000,,,,410,,,1,,,53.7,https://www.southernsteel.com.au/wp-content/uploads/2023/03/Southern-Steel-Supplies-Steel-Reference-Guide-Apr-2023-Rev-4.pdf
410 UB 60 9m,UB,PLAIN_CARBON_STEEL,GR300,NONE,METERAGE,TRUE,MILLIMETERS,9000,,,,410,,,1,,,59.7,https://www.southernsteel.com.au/wp-content/uploads/2023/03/Southern-Steel-Supplies-Steel-Reference-Guide-Apr-2023-Rev-4.pdf
410 UB 60 12m,UB,PLAIN_CARBON_STEEL,GR300,NONE,METERAGE,TRUE,MILLIMETERS,12000,,,,410,,,1,,,59.7,https://www.southernsteel.com.au/wp-content/uploads/2023/03/Southern-Steel-Supplies-Steel-Reference-Guide-Apr-2023-Rev-4.pdf
460 UB 67 9m,UB,PLAIN_CARBON_STEEL,GR300,NONE,METERAGE,TRUE,MILLIMETERS,9000,,,,460,,,1,,,67.1,https://www.southernsteel.com.au/wp-content/uploads/2023/03/Southern-Steel-Supplies-Steel-Reference-Guide-Apr-2023-Rev-4.pdf
460 UB 67 12m,UB,PLAIN_CARBON_STEEL,GR300,NONE,METERAGE,TRUE,MILLIMETERS,12000,,,,460,,,1,,,67.1,https://www.southernsteel.com.au/wp-content/uploads/2023/03/Southern-Steel-Supplies-Steel-Reference-Guide-Apr-2023-Rev-4.pdf
460 UB 75 9m,UB,PLAIN_CARBON_STEEL,GR300,NONE,METERAGE,TRUE,MILLIMETERS,9000,,,,460,,,1,,,74.6,https://www.southernsteel.com.au/wp-content/uploads/2023/03/Southern-Steel-Supplies-Steel-Reference-Guide-Apr-2023-Rev-4.pdf
460 UB 75 12m,UB,PLAIN_CARBON_STEEL,GR300,NONE,METERAGE,TRUE,MILLIMETERS,12000,,,,460,,,1,,,74.6,https://www.southernsteel.com.au/wp-content/uploads/2023/03/Southern-Steel-Supplies-Steel-Reference-Guide-Apr-2023-Rev-4.pdf
460 UB 82 9m,UB,PLAIN_CARBON_STEEL,GR300,NONE,METERAGE,TRUE,MILLIMETERS,9000,,,,460,,,1,,,82.1,https://www.southernsteel.com.au/wp-content/uploads/2023/03/Southern-Steel-Supplies-Steel-Reference-Guide-Apr-2023-Rev-4.pdf
460 UB 82 12m,UB,PLAIN_CARBON_STEEL,GR300,NONE,METERAGE,TRUE,MILLIMETERS,12000,,,,460,,,1,,,82.1,https://www.southernsteel.com.au/wp-content/uploads/2023/03/Southern-Steel-Supplies-Steel-Reference-Guide-Apr-2023-Rev-4.pdf
530 UB 82 9m,UB,PLAIN_CARBON_STEEL,GR300,NONE,METERAGE,TRUE,MILLIMETERS,9000,,,,530,,,1,,,82.0,https://www.southernsteel.com.au/wp-content/uploads/2023/03/Southern-Steel-Supplies-Steel-Reference-Guide-Apr-2023-Rev-4.pdf
530 UB 82 12m,UB,PLAIN_CARBON_STEEL,GR300,NONE,METERAGE,TRUE,MILLIMETERS,12000,,,,530,,,1,,,82.0,https://www.southernsteel.com.au/wp-content/uploads/2023/03/Southern-Steel-Supplies-Steel-Reference-Guide-Apr-2023-Rev-4.pdf
530 UB 92 9m,UB,PLAIN_CARBON_STEEL,GR300,NONE,METERAGE,TRUE,MILLIMETERS,9000,,,,530,,,1,,,92.4,https://www.southernsteel.com.au/wp-content/uploads/2023/03/Southern-Steel-Supplies-Steel-Reference-Guide-Apr-2023-Rev-4.pdf
530 UB 92 12m,UB,PLAIN_CARBON_STEEL,GR300,NONE,METERAGE,TRUE,MILLIMETERS,12000,,,,530,,,1,,,92.4,https://www.southernsteel.com.au/wp-content/uploads/2023/03/Southern-Steel-Supplies-Steel-Reference-Guide-Apr-2023-Rev-4.pdf
610 UB 101 9m,UB,PLAIN_CARBON_STEEL,GR300,NONE,METERAGE,TRUE,MILLIMETERS,9000,,,,610,,,1,,,101.0,https://www.southernsteel.com.au/wp-content/uploads/2023/03/Southern-Steel-Supplies-Steel-Reference-Guide-Apr-2023-Rev-4.pdf
610 UB 101 12m,UB,PLAIN_CARBON_STEEL,GR300,NONE,METERAGE,TRUE,MILLIMETERS,12000,,,,610,,,1,,,101.0,https://www.southernsteel.com.au/wp-content/uploads/2023/03/Southern-Steel-Supplies-Steel-Reference-Guide-Apr-2023-Rev-4.pdf
610 UB 113 9m,UB,PLAIN_CARBON_STEEL,GR300,NONE,METERAGE,TRUE,MILLIMETERS,9000,,,,610,,,1,,,113.0,https://www.southernsteel.com.au/wp-content/uploads/2023/03/Southern-Steel-Supplies-Steel-Reference-Guide-Apr-2023-Rev-4.pdf
610 UB 113 12m,UB,PLAIN_CARBON_STEEL,GR300,NONE,METERAGE,TRUE,MILLIMETERS,12000,,,,610,,,1,,,113.0,https://www.southernsteel.com.au/wp-content/uploads/2023/03/Southern-Steel-Supplies-Steel-Reference-Guide-Apr-2023-Rev-4.pdf
610 UB 125 9m,UB,PLAIN_CARBON_STEEL,GR300,NONE,METERAGE,TRUE,MILLIMETERS,9000,,,,610,,,1,,,125.0,https://www.southernsteel.com.au/wp-content/uploads/2023/03/Southern-Steel-Supplies-Steel-Reference-Guide-Apr-2023-Rev-4.pdf
610 UB 125 12m,UB,PLAIN_CARBON_STEEL,GR300,NONE,METERAGE,TRUE,MILLIMETERS,12000,,,,610,,,1,,,125.0,https://www.southernsteel.com.au/wp-content/uploads/2023/03/Southern-Steel-Supplies-Steel-Reference-Guide-Apr-2023-Rev-4.pdf
,,,,,,,,,,,,,,,,,,,
310 UC 158 GR300 9m,UC,PLAIN_CARBON_STEEL,GR300,NONE,METERAGE,TRUE,MILLIMETERS,9000,,,,310,,,1,,,158.0,https://www.southernsteel.com.au/wp-content/uploads/2023/03/Southern-Steel-Supplies-Steel-Reference-Guide-Apr-2023-Rev-4.pdf
310 UC 158 GR300 12m,UC,PLAIN_CARBON_STEEL,GR300,NONE,METERAGE,TRUE,MILLIMETERS,12000,,,,310,,,1,,,158.0,https://www.southernsteel.com.au/wp-content/uploads/2023/03/Southern-Steel-Supplies-Steel-Reference-Guide-Apr-2023-Rev-4.pdf
310 UC 158 GR300 13.5m,UC,PLAIN_CARBON_STEEL,GR300,NONE,METERAGE,TRUE,MILLIMETERS,13500,,,,310,,,1,,,158.0,https://www.southernsteel.com.au/wp-content/uploads/2023/03/Southern-Steel-Supplies-Steel-Reference-Guide-Apr-2023-Rev-4.pdf
310 UC 158 GR300 15m,UC,PLAIN_CARBON_STEEL,GR300,NONE,METERAGE,TRUE,MILLIMETERS,15000,,,,310,,,1,,,158.0,https://www.southernsteel.com.au/wp-content/uploads/2023/03/Southern-Steel-Supplies-Steel-Reference-Guide-Apr-2023-Rev-4.pdf
310 UC 158 GR300 18m,UC,PLAIN_CARBON_STEEL,GR300,NONE,METERAGE,TRUE,MILLIMETERS,18000,,,,310,,,1,,,158.0,https://www.southernsteel.com.au/wp-content/uploads/2023/03/Southern-Steel-Supplies-Steel-Reference-Guide-Apr-2023-Rev-4.pdf
310 UC 137 GR300 9m,UC,PLAIN_CARBON_STEEL,GR300,NONE,METERAGE,TRUE,MILLIMETERS,9000,,,,310,,,1,,,137.0,https://www.southernsteel.com.au/wp-content/uploads/2023/03/Southern-Steel-Supplies-Steel-Reference-Guide-Apr-2023-Rev-4.pdf
310 UC 137 GR300 12m,UC,PLAIN_CARBON_STEEL,GR300,NONE,METERAGE,TRUE,MILLIMETERS,12000,,,,310,,,1,,,137.0,https://www.southernsteel.com.au/wp-content/uploads/2023/03/Southern-Steel-Supplies-Steel-Reference-Guide-Apr-2023-Rev-4.pdf
310 UC 137 GR300 13.5m,UC,PLAIN_CARBON_STEEL,GR300,NONE,METERAGE,TRUE,MILLIMETERS,13500,,,,310,,,1,,,137.0,https://www.southernsteel.com.au/wp-content/uploads/2023/03/Southern-Steel-Supplies-Steel-Reference-Guide-Apr-2023-Rev-4.pdf
310 UC 137 GR300 15m,UC,PLAIN_CARBON_STEEL,GR300,NONE,METERAGE,TRUE,MILLIMETERS,15000,,,,310,,,1,,,137.0,https://www.southernsteel.com.au/wp-content/uploads/2023/03/Southern-Steel-Supplies-Steel-Reference-Guide-Apr-2023-Rev-4.pdf
310 UC 137 GR300 18m,UC,PLAIN_CARBON_STEEL,GR300,NONE,METERAGE,TRUE,MILLIMETERS,18000,,,,310,,,1,,,137.0,https://www.southernsteel.com.au/wp-content/uploads/2023/03/Southern-Steel-Supplies-Steel-Reference-Guide-Apr-2023-Rev-4.pdf
310 UC 118 GR300 9m,UC,PLAIN_CARBON_STEEL,GR300,NONE,METERAGE,TRUE,MILLIMETERS,9000,,,,310,,,1,,,118.0,https://www.southernsteel.com.au/wp-content/uploads/2023/03/Southern-Steel-Supplies-Steel-Reference-Guide-Apr-2023-Rev-4.pdf
310 UC 118 GR300 12m,UC,PLAIN_CARBON_STEEL,GR300,NONE,METERAGE,TRUE,MILLIMETERS,12000,,,,310,,,1,,,118.0,https://www.southernsteel.com.au/wp-content/uploads/2023/03/Southern-Steel-Supplies-Steel-Reference-Guide-Apr-2023-Rev-4.pdf
310 UC 118 GR300 13.5m,UC,PLAIN_CARBON_STEEL,GR300,NONE,METERAGE,TRUE,MILLIMETERS,13500,,,,310,,,1,,,118.0,https://www.southernsteel.com.au/wp-content/uploads/2023/03/Southern-Steel-Supplies-Steel-Reference-Guide-Apr-2023-Rev-4.pdf
310 UC 118 GR300 15m,UC,PLAIN_CARBON_STEEL,GR300,NONE,METERAGE,TRUE,MILLIMETERS,15000,,,,310,,,1,,,118.0,https://www.southernsteel.com.au/wp-content/uploads/2023/03/Southern-Steel-Supplies-Steel-Reference-Guide-Apr-2023-Rev-4.pdf
310 UC 118 GR300 18m,UC,PLAIN_CARBON_STEEL,GR300,NONE,METERAGE,TRUE,MILLIMETERS,18000,,,,310,,,1,,,118.0,https://www.southernsteel.com.au/wp-content/uploads/2023/03/Southern-Steel-Supplies-Steel-Reference-Guide-Apr-2023-Rev-4.pdf
310 UC 97 GR300 9m,UC,PLAIN_CARBON_STEEL,GR300,NONE,METERAGE,TRUE,MILLIMETERS,9000,,,,310,,,1,,,96.8,https://www.southernsteel.com.au/wp-content/uploads/2023/03/Southern-Steel-Supplies-Steel-Reference-Guide-Apr-2023-Rev-4.pdf
310 UC 97 GR300 12m,UC,PLAIN_CARBON_STEEL,GR300,NONE,METERAGE,TRUE,MILLIMETERS,12000,,,,310,,,1,,,96.8,https://www.southernsteel.com.au/wp-content/uploads/2023/03/Southern-Steel-Supplies-Steel-Reference-Guide-Apr-2023-Rev-4.pdf
310 UC 97 GR300 13.5m,UC,PLAIN_CARBON_STEEL,GR300,NONE,METERAGE,TRUE,MILLIMETERS,13500,,,,310,,,1,,,96.8,https://www.southernsteel.com.au/wp-content/uploads/2023/03/Southern-Steel-Supplies-Steel-Reference-Guide-Apr-2023-Rev-4.pdf
310 UC 97 GR300 15m,UC,PLAIN_CARBON_STEEL,GR300,NONE,METERAGE,TRUE,MILLIMETERS,15000,,,,310,,,1,,,96.8,https://www.southernsteel.com.au/wp-content/uploads/2023/03/Southern-Steel-Supplies-Steel-Reference-Guide-Apr-2023-Rev-4.pdf
310 UC 97 GR300 18m,UC,PLAIN_CARBON_STEEL,GR300,NONE,METERAGE,TRUE,MILLIMETERS,18000,,,,310,,,1,,,96.8,https://www.southernsteel.com.au/wp-content/uploads/2023/03/Southern-Steel-Supplies-Steel-Reference-Guide-Apr-2023-Rev-4.pdf
250 UC 90 GR300 9m,UC,PLAIN_CARBON_STEEL,GR300,NONE,METERAGE,TRUE,MILLIMETERS,9000,,,,250,,,1,,,89.5,https://www.southernsteel.com.au/wp-content/uploads/2023/03/Southern-Steel-Supplies-Steel-Reference-Guide-Apr-2023-Rev-4.pdf
250 UC 90 GR300 12m,UC,PLAIN_CARBON_STEEL,GR300,NONE,METERAGE,TRUE,MILLIMETERS,12000,,,,250,,,1,,,89.5,https://www.southernsteel.com.au/wp-content/uploads/2023/03/Southern-Steel-Supplies-Steel-Reference-Guide-Apr-2023-Rev-4.pdf
250 UC 90 GR300 13.5m,UC,PLAIN_CARBON_STEEL,GR300,NONE,METERAGE,TRUE,MILLIMETERS,13500,,,,250,,,1,,,89.5,https://www.southernsteel.com.au/wp-content/uploads/2023/03/Southern-Steel-Supplies-Steel-Reference-Guide-Apr-2023-Rev-4.pdf
250 UC 90 GR300 15m,UC,PLAIN_CARBON_STEEL,GR300,NONE,METERAGE,TRUE,MILLIMETERS,15000,,,,250,,,1,,,89.5,https://www.southernsteel.com.au/wp-content/uploads/2023/03/Southern-Steel-Supplies-Steel-Reference-Guide-Apr-2023-Rev-4.pdf
250 UC 90 GR300 18m,UC,PLAIN_CARBON_STEEL,GR300,NONE,METERAGE,TRUE,MILLIMETERS,18000,,,,250,,,1,,,89.5,https://www.southernsteel.com.au/wp-content/uploads/2023/03/Southern-Steel-Supplies-Steel-Reference-Guide-Apr-2023-Rev-4.pdf
250 UC 73 GR300 9m,UC,PLAIN_CARBON_STEEL,GR300,NONE,METERAGE,TRUE,MILLIMETERS,9000,,,,250,,,1,,,72.9,https://www.southernsteel.com.au/wp-content/uploads/2023/03/Southern-Steel-Supplies-Steel-Reference-Guide-Apr-2023-Rev-4.pdf
250 UC 73 GR300 12m,UC,PLAIN_CARBON_STEEL,GR300,NONE,METERAGE,TRUE,MILLIMETERS,12000,,,,250,,,1,,,72.9,https://www.southernsteel.com.au/wp-content/uploads/2023/03/Southern-Steel-Supplies-Steel-Reference-Guide-Apr-2023-Rev-4.pdf
250 UC 73 GR300 13.5m,UC,PLAIN_CARBON_STEEL,GR300,NONE,METERAGE,TRUE,MILLIMETERS,13500,,,,250,,,1,,,72.9,https://www.southernsteel.com.au/wp-content/uploads/2023/03/Southern-Steel-Supplies-Steel-Reference-Guide-Apr-2023-Rev-4.pdf
250 UC 73 GR300 15m,UC,PLAIN_CARBON_STEEL,GR300,NONE,METERAGE,TRUE,MILLIMETERS,15000,,,,250,,,1,,,72.9,https://www.southernsteel.com.au/wp-content/uploads/2023/03/Southern-Steel-Supplies-Steel-Reference-Guide-Apr-2023-Rev-4.pdf
250 UC 73 GR300 18m,UC,PLAIN_CARBON_STEEL,GR300,NONE,METERAGE,TRUE,MILLIMETERS,18000,,,,250,,,1,,,72.9,https://www.southernsteel.com.au/wp-content/uploads/2023/03/Southern-Steel-Supplies-Steel-Reference-Guide-Apr-2023-Rev-4.pdf
200 UC 60 GR300 9m,UC,PLAIN_CARBON_STEEL,GR300,NONE,METERAGE,TRUE,MILLIMETERS,9000,,,,200,,,1,,,59.5,https://www.southernsteel.com.au/wp-content/uploads/2023/03/Southern-Steel-Supplies-Steel-Reference-Guide-Apr-2023-Rev-4.pdf
200 UC 60 GR300 12m,UC,PLAIN_CARBON_STEEL,GR300,NONE,METERAGE,TRUE,MILLIMETERS,12000,,,,200,,,1,,,59.5,https://www.southernsteel.com.au/wp-content/uploads/2023/03/Southern-Steel-Supplies-Steel-Reference-Guide-Apr-2023-Rev-4.pdf
200 UC 60 GR300 13.5m,UC,PLAIN_CARBON_STEEL,GR300,NONE,METERAGE,TRUE,MILLIMETERS,13500,,,,200,,,1,,,59.5,https://www.southernsteel.com.au/wp-content/uploads/2023/03/Southern-Steel-Supplies-Steel-Reference-Guide-Apr-2023-Rev-4.pdf
200 UC 60 GR300 15m,UC,PLAIN_CARBON_STEEL,GR300,NONE,METERAGE,TRUE,MILLIMETERS,15000,,,,200,,,1,,,59.5,https://www.southernsteel.com.au/wp-content/uploads/2023/03/Southern-Steel-Supplies-Steel-Reference-Guide-Apr-2023-Rev-4.pdf
200 UC 60 GR300 18m,UC,PLAIN_CARBON_STEEL,GR300,NONE,METERAGE,TRUE,MILLIMETERS,18000,,,,200,,,1,,,59.5,https://www.southernsteel.com.au/wp-content/uploads/2023/03/Southern-Steel-Supplies-Steel-Reference-Guide-Apr-2023-Rev-4.pdf
200 UC 52 GR300 9m,UC,PLAIN_CARBON_STEEL,GR300,NONE,METERAGE,TRUE,MILLIMETERS,9000,,,,200,,,1,,,52.2,https://www.southernsteel.com.au/wp-content/uploads/2023/03/Southern-Steel-Supplies-Steel-Reference-Guide-Apr-2023-Rev-4.pdf
200 UC 52 GR300 12m,UC,PLAIN_CARBON_STEEL,GR300,NONE,METERAGE,TRUE,MILLIMETERS,12000,,,,200,,,1,,,52.2,https://www.southernsteel.com.au/wp-content/uploads/2023/03/Southern-Steel-Supplies-Steel-Reference-Guide-Apr-2023-Rev-4.pdf
200 UC 52 GR300 13.5m,UC,PLAIN_CARBON_STEEL,GR300,NONE,METERAGE,TRUE,MILLIMETERS,13500,,,,200,,,1,,,52.2,https://www.southernsteel.com.au/wp-content/uploads/2023/03/Southern-Steel-Supplies-Steel-Reference-Guide-Apr-2023-Rev-4.pdf
200 UC 52 GR300 15m,UC,PLAIN_CARBON_STEEL,GR300,NONE,METERAGE,TRUE,MILLIMETERS,15000,,,,200,,,1,,,52.2,https://www.southernsteel.com.au/wp-content/uploads/2023/03/Southern-Steel-Supplies-Steel-Reference-Guide-Apr-2023-Rev-4.pdf
200 UC 52 GR300 18m,UC,PLAIN_CARBON_STEEL,GR300,NONE,METERAGE,TRUE,MILLIMETERS,18000,,,,200,,,1,,,52.2,https://www.southernsteel.com.au/wp-content/uploads/2023/03/Southern-Steel-Supplies-Steel-Reference-Guide-Apr-2023-Rev-4.pdf
200 UC 46 GR300 9m,UC,PLAIN_CARBON_STEEL,GR300,NONE,METERAGE,TRUE,MILLIMETERS,9000,,,,200,,,1,,,46.2,https://www.southernsteel.com.au/wp-content/uploads/2023/03/Southern-Steel-Supplies-Steel-Reference-Guide-Apr-2023-Rev-4.pdf
200 UC 46 GR300 12m,UC,PLAIN_CARBON_STEEL,GR300,NONE,METERAGE,TRUE,MILLIMETERS,12000,,,,200,,,1,,,46.2,https://www.southernsteel.com.au/wp-content/uploads/2023/03/Southern-Steel-Supplies-Steel-Reference-Guide-Apr-2023-Rev-4.pdf
200 UC 46 GR300 13.5m,UC,PLAIN_CARBON_STEEL,GR300,NONE,METERAGE,TRUE,MILLIMETERS,13500,,,,200,,,1,,,46.2,https://www.southernsteel.com.au/wp-content/uploads/2023/03/Southern-Steel-Supplies-Steel-Reference-Guide-Apr-2023-Rev-4.pdf
200 UC 46 GR300 15m,UC,PLAIN_CARBON_STEEL,GR300,NONE,METERAGE,TRUE,MILLIMETERS,15000,,,,200,,,1,,,46.2,https://www.southernsteel.com.au/wp-content/uploads/2023/03/Southern-Steel-Supplies-Steel-Reference-Guide-Apr-2023-Rev-4.pdf
200 UC 46 GR300 18m,UC,PLAIN_CARBON_STEEL,GR300,NONE,METERAGE,TRUE,MILLIMETERS,18000,,,,200,,,1,,,46.2,https://www.southernsteel.com.au/wp-content/uploads/2023/03/Southern-Steel-Supplies-Steel-Reference-Guide-Apr-2023-Rev-4.pdf
150 UC 37 GR300 9m,UC,PLAIN_CARBON_STEEL,GR300,NONE,METERAGE,TRUE,MILLIMETERS,9000,,,,150,,,1,,,37.2,https://www.southernsteel.com.au/wp-content/uploads/2023/03/Southern-Steel-Supplies-Steel-Reference-Guide-Apr-2023-Rev-4.pdf
150 UC 37 GR300 12m,UC,PLAIN_CARBON_STEEL,GR300,NONE,METERAGE,TRUE,MILLIMETERS,12000,,,,150,,,1,,,37.2,https://www.southernsteel.com.au/wp-content/uploads/2023/03/Southern-Steel-Supplies-Steel-Reference-Guide-Apr-2023-Rev-4.pdf
150 UC 37 GR300 13.5m,UC,PLAIN_CARBON_STEEL,GR300,NONE,METERAGE,TRUE,MILLIMETERS,13500,,,,150,,,1,,,37.2,https://www.southernsteel.com.au/wp-content/uploads/2023/03/Southern-Steel-Supplies-Steel-Reference-Guide-Apr-2023-Rev-4.pdf
150 UC 37 GR300 15m,UC,PLAIN_CARBON_STEEL,GR300,NONE,METERAGE,TRUE,MILLIMETERS,15000,,,,150,,,1,,,37.2,https://www.southernsteel.com.au/wp-content/uploads/2023/03/Southern-Steel-Supplies-Steel-Reference-Guide-Apr-2023-Rev-4.pdf
150 UC 37 GR300 18m,UC,PLAIN_CARBON_STEEL,GR300,NONE,METERAGE,TRUE,MILLIMETERS,18000,,,,150,,,1,,,37.2,https://www.southernsteel.com.au/wp-content/uploads/2023/03/Southern-Steel-Supplies-Steel-Reference-Guide-Apr-2023-Rev-4.pdf
150 UC 30 GR300 9m,UC,PLAIN_CARBON_STEEL,GR300,NONE,METERAGE,TRUE,MILLIMETERS,9000,,,,150,,,1,,,30.0,https://www.southernsteel.com.au/wp-content/uploads/2023/03/Southern-Steel-Supplies-Steel-Reference-Guide-Apr-2023-Rev-4.pdf
150 UC 30 GR300 12m,UC,PLAIN_CARBON_STEEL,GR300,NONE,METERAGE,TRUE,MILLIMETERS,12000,,,,150,,,1,,,30.0,https://www.southernsteel.com.au/wp-content/uploads/2023/03/Southern-Steel-Supplies-Steel-Reference-Guide-Apr-2023-Rev-4.pdf
150 UC 30 GR300 13.5m,UC,PLAIN_CARBON_STEEL,GR300,NONE,METERAGE,TRUE,MILLIMETERS,13500,,,,150,,,1,,,30.0,https://www.southernsteel.com.au/wp-content/uploads/2023/03/Southern-Steel-Supplies-Steel-Reference-Guide-Apr-2023-Rev-4.pdf
150 UC 30 GR300 15m,UC,PLAIN_CARBON_STEEL,GR300,NONE,METERAGE,TRUE,MILLIMETERS,15000,,,,150,,,1,,,30.0,https://www.southernsteel.com.au/wp-content/uploads/2023/03/Southern-Steel-Supplies-Steel-Reference-Guide-Apr-2023-Rev-4.pdf
150 UC 30 GR300 18m,UC,PLAIN_CARBON_STEEL,GR300,NONE,METERAGE,TRUE,MILLIMETERS,18000,,,,150,,,1,,,30.0,https://www.southernsteel.com.au/wp-content/uploads/2023/03/Southern-Steel-Supplies-Steel-Reference-Guide-Apr-2023-Rev-4.pdf
150 UC 23 GR300 9m,UC,PLAIN_CARBON_STEEL,GR300,NONE,METERAGE,TRUE,MILLIMETERS,9000,,,,150,,,1,,,23.4,https://www.southernsteel.com.au/wp-content/uploads/2023/03/Southern-Steel-Supplies-Steel-Reference-Guide-Apr-2023-Rev-4.pdf
150 UC 23 GR300 12m,UC,PLAIN_CARBON_STEEL,GR300,NONE,METERAGE,TRUE,MILLIMETERS,12000,,,,150,,,1,,,23.4,https://www.southernsteel.com.au/wp-content/uploads/2023/03/Southern-Steel-Supplies-Steel-Reference-Guide-Apr-2023-Rev-4.pdf
150 UC 23 GR300 13.5m,UC,PLAIN_CARBON_STEEL,GR300,NONE,METERAGE,TRUE,MILLIMETERS,13500,,,,150,,,1,,,23.4,https://www.southernsteel.com.au/wp-content/uploads/2023/03/Southern-Steel-Supplies-Steel-Reference-Guide-Apr-2023-Rev-4.pdf
150 UC 23 GR300 15m,UC,PLAIN_CARBON_STEEL,GR300,NONE,METERAGE,TRUE,MILLIMETERS,15000,,,,150,,,1,,,23.4,https://www.southernsteel.com.au/wp-content/uploads/2023/03/Southern-Steel-Supplies-Steel-Reference-Guide-Apr-2023-Rev-4.pdf
150 UC 23 GR300 18m,UC,PLAIN_CARBON_STEEL,GR300,NONE,METERAGE,TRUE,MILLIMETERS,18000,,,,150,,,1,,,23.4,https://www.southernsteel.com.au/wp-content/uploads/2023/03/Southern-Steel-Supplies-Steel-Reference-Guide-Apr-2023-Rev-4.pdf
100 UC 15 GR300 9m,UC,PLAIN_CARBON_STEEL,GR300,NONE,METERAGE,TRUE,MILLIMETERS,9000,,,,100,,,1,,,14.8,https://www.southernsteel.com.au/wp-content/uploads/2023/03/Southern-Steel-Supplies-Steel-Reference-Guide-Apr-2023-Rev-4.pdf
100 UC 15 GR300 12m,UC,PLAIN_CARBON_STEEL,GR300,NONE,METERAGE,TRUE,MILLIMETERS,12000,,,,100,,,1,,,14.8,https://www.southernsteel.com.au/wp-content/uploads/2023/03/Southern-Steel-Supplies-Steel-Reference-Guide-Apr-2023-Rev-4.pdf
100 UC 15 GR300 13.5m,UC,PLAIN_CARBON_STEEL,GR300,NONE,METERAGE,TRUE,MILLIMETERS,13500,,,,100,,,1,,,14.8,https://www.southernsteel.com.au/wp-content/uploads/2023/03/Southern-Steel-Supplies-Steel-Reference-Guide-Apr-2023-Rev-4.pdf
100 UC 15 GR300 15m,UC,PLAIN_CARBON_STEEL,GR300,NONE,METERAGE,TRUE,MILLIMETERS,15000,,,,100,,,1,,,14.8,https://www.southernsteel.com.au/wp-content/uploads/2023/03/Southern-Steel-Supplies-Steel-Reference-Guide-Apr-2023-Rev-4.pdf
100 UC 15 GR300 18m,UC,PLAIN_CARBON_STEEL,GR300,NONE,METERAGE,TRUE,MILLIMETERS,18000,,,,100,,,1,,,14.8,https://www.southernsteel.com.au/wp-content/uploads/2023/03/Southern-Steel-Supplies-Steel-Reference-Guide-Apr-2023-Rev-4.pdf
,,,,,,,,,,,,,,,,,,,
CHS 20nb (Ø26.9x2.6) 6.5m,CHS,PLAIN_CARBON_STEEL,GR250,GALVANISED,METERAGE,TRUE,MILLIMETERS,6500,,20,26.9,,,2.6,127,,,1.56,
CHS 25nb (Ø33.7x2.0) 6.5m,CHS,PLAIN_CARBON_STEEL,GR250,GALVANISED,METERAGE,TRUE,MILLIMETERS,6500,,25,33.7,,,2.0,91,,,1.56,
CHS 25nb (Ø33.7x2.6) 6.5m,CHS,PLAIN_CARBON_STEEL,GR250,GALVANISED,METERAGE,TRUE,MILLIMETERS,6500,,25,33.7,,,2.6,91,,,1.99,
CHS 25nb (Ø33.7x3.2) 6.5m,CHS,PLAIN_CARBON_STEEL,GR250,GALVANISED,METERAGE,TRUE,MILLIMETERS,6500,,25,33.7,,,3.2,91,,,2.41,
CHS 25nb (Ø33.7x4.0) 6.5m,CHS,PLAIN_CARBON_STEEL,GR250,GALVANISED,METERAGE,TRUE,MILLIMETERS,6500,,25,33.7,,,4.0,91,,,2.94,
CHS 32nb (Ø42.4x2.0) 6.5m,CHS,PLAIN_CARBON_STEEL,GR250,GALVANISED,METERAGE,TRUE,MILLIMETERS,6500,,32,42.4,,,2.0,61,,,1.99,
CHS 32nb (Ø42.4x2.6) 6.5m,CHS,PLAIN_CARBON_STEEL,GR250,GALVANISED,METERAGE,TRUE,MILLIMETERS,6500,,32,42.4,,,2.6,61,,,2.55,
CHS 32nb (Ø42.4x3.2) 6.5m,CHS,PLAIN_CARBON_STEEL,GR250,GALVANISED,METERAGE,TRUE,MILLIMETERS,6500,,32,42.4,,,3.2,61,,,3.1,
CHS 32nb (Ø42.4x4.0) 6.5m,CHS,PLAIN_CARBON_STEEL,GR250,GALVANISED,METERAGE,TRUE,MILLIMETERS,6500,,32,42.4,,,4.0,61,,,3.8,
CHS 40nb (Ø48.3x2.3) 6.5m,CHS,PLAIN_CARBON_STEEL,GR250,GALVANISED,METERAGE,TRUE,MILLIMETERS,6500,,40,48.3,,,2.3,61,,,2.61,
CHS 40nb (Ø48.3x2.9) 6.5m,CHS,PLAIN_CARBON_STEEL,GR250,GALVANISED,METERAGE,TRUE,MILLIMETERS,6500,,40,48.3,,,2.9,61,,,3.25,
CHS 40nb (Ø48.3x3.2) 6.5m,CHS,PLAIN_CARBON_STEEL,GR250,GALVANISED,METERAGE,TRUE,MILLIMETERS,6500,,40,48.3,,,3.2,61,,,3.57,
CHS 40nb (Ø48.3x4.0) 6.5m,CHS,PLAIN_CARBON_STEEL,GR250,GALVANISED,METERAGE,TRUE,MILLIMETERS,6500,,40,48.3,,,4.0,61,,,4.38,
CHS 40nb (Ø48.3x5.4) 6.5m,CHS,PLAIN_CARBON_STEEL,GR250,GALVANISED,METERAGE,TRUE,MILLIMETERS,6500,,40,48.3,,,5.4,61,,,5.71,
CHS 50nb (Ø60.3x2.3) 6.5m,CHS,PLAIN_CARBON_STEEL,GR250,GALVANISED,METERAGE,TRUE,MILLIMETERS,6500,,50,60.3,,,2.3,37,,,3.29,
CHS 50nb (Ø60.3x2.9) 6.5m,CHS,PLAIN_CARBON_STEEL,GR250,GALVANISED,METERAGE,TRUE,MILLIMETERS,6500,,50,60.3,,,2.9,37,,,4.11,
CHS 50nb (Ø60.3x3.6) 6.5m,CHS,PLAIN_CARBON_STEEL,GR250,GALVANISED,METERAGE,TRUE,MILLIMETERS,6500,,50,60.3,,,3.6,37,,,5.03,
CHS 50nb (Ø60.3x4.5) 6.5m,CHS,PLAIN_CARBON_STEEL,GR250,GALVANISED,METERAGE,TRUE,MILLIMETERS,6500,,50,60.3,,,4.5,37,,,6.19,
CHS 50nb (Ø60.3x5.4) 6.5m,CHS,PLAIN_CARBON_STEEL,GR250,GALVANISED,METERAGE,TRUE,MILLIMETERS,6500,,50,60.3,,,5.4,37,,,7.31,
CHS 65nb (Ø76.1x2.3) 6.5m,CHS,PLAIN_CARBON_STEEL,GR250,GALVANISED,METERAGE,TRUE,MILLIMETERS,6500,,65,76.1,,,2.3,37,,,4.19,
CHS 65nb (Ø76.1x3.2) 6.5m,CHS,PLAIN_CARBON_STEEL,GR250,GALVANISED,METERAGE,TRUE,MILLIMETERS,6500,,65,76.1,,,3.2,37,,,5.75,
CHS 65nb (Ø76.1x3.6) 6.5m,CHS,PLAIN_CARBON_STEEL,GR250,GALVANISED,METERAGE,TRUE,MILLIMETERS,6500,,65,76.1,,,3.6,37,,,6.43,
CHS 65nb (Ø76.1x4.5) 6.5m,CHS,PLAIN_CARBON_STEEL,GR250,GALVANISED,METERAGE,TRUE,MILLIMETERS,6500,,65,76.1,,,4.5,37,,,7.93,
CHS 80nb (Ø88.9x2.6) 6.5m,CHS,PLAIN_CARBON_STEEL,GR250,GALVANISED,METERAGE,TRUE,MILLIMETERS,6500,,80,88.9,,,2.6,19,,,5.53,
CHS 80nb (Ø88.9x3.2) 6.5m,CHS,PLAIN_CARBON_STEEL,GR250,GALVANISED,METERAGE,TRUE,MILLIMETERS,6500,,80,88.9,,,3.2,19,,,6.76,
CHS 80nb (Ø88.9x4.0) 6.5m,CHS,PLAIN_CARBON_STEEL,GR250,GALVANISED,METERAGE,TRUE,MILLIMETERS,6500,,80,88.9,,,4.0,19,,,8.37,
CHS 80nb (Ø88.9x5.0) 6.5m,CHS,PLAIN_CARBON_STEEL,GR250,GALVANISED,METERAGE,TRUE,MILLIMETERS,6500,,80,88.9,,,5.0,19,,,10.3,
CHS 80nb (Ø88.9x5.9) 6.5m,CHS,PLAIN_CARBON_STEEL,GR250,GALVANISED,METERAGE,TRUE,MILLIMETERS,6500,,80,88.9,,,5.9,19,,,12.1,
CHS 90nb (Ø101.6x2.6) 6.5m,CHS,PLAIN_CARBON_STEEL,GR250,GALVANISED,METERAGE,TRUE,MILLIMETERS,6500,,90,101.6,,,2.6,19,,,6.35,
CHS 90nb (Ø101.6x3.2) 6.5m,CHS,PLAIN_CARBON_STEEL,GR250,GALVANISED,METERAGE,TRUE,MILLIMETERS,6500,,90,101.6,,,3.2,19,,,7.77,
CHS 90nb (Ø101.6x4.0) 6.5m,CHS,PLAIN_CARBON_STEEL,GR250,GALVANISED,METERAGE,TRUE,MILLIMETERS,6500,,90,101.6,,,4.0,19,,,9.63,
CHS 90nb (Ø101.6x5.0) 6.5m,CHS,PLAIN_CARBON_STEEL,GR250,GALVANISED,METERAGE,TRUE,MILLIMETERS,6500,,90,101.6,,,5.0,19,,,11.9,
CHS 100nb (Ø114.3x3.2) 6.5m,CHS,PLAIN_CARBON_STEEL,GR250,GALVANISED,METERAGE,TRUE,MILLIMETERS,6500,,100,114.3,,,3.2,19,,,8.77,
CHS 100nb (Ø114.3x3.6) 6.5m,CHS,PLAIN_CARBON_STEEL,GR250,GALVANISED,METERAGE,TRUE,MILLIMETERS,6500,,100,114.3,,,3.6,19,,,9.83,
CHS 100nb (Ø114.3x4.5) 6.5m,CHS,PLAIN_CARBON_STEEL,GR250,GALVANISED,METERAGE,TRUE,MILLIMETERS,6500,,100,114.3,,,4.5,19,,,12.2,
CHS 100nb (Ø114.3x5.4) 6.5m,CHS,PLAIN_CARBON_STEEL,GR250,GALVANISED,METERAGE,TRUE,MILLIMETERS,6500,,100,114.3,,,5.4,19,,,14.5,
CHS 125nb (Ø139.7x3.0) 6.5m,CHS,PLAIN_CARBON_STEEL,GR250,GALVANISED,METERAGE,TRUE,MILLIMETERS,6500,,125,139.7,,,3.0,10,,,10.1,
CHS 125nb (Ø139.7x3.5) 6.5m,CHS,PLAIN_CARBON_STEEL,GR250,GALVANISED,METERAGE,TRUE,MILLIMETERS,6500,,125,139.7,,,3.5,10,,,11.8,
CHS 125nb (Ø139.7x5.0) 6.5m,CHS,PLAIN_CARBON_STEEL,GR250,GALVANISED,METERAGE,TRUE,MILLIMETERS,6500,,125,139.7,,,5.0,10,,,16.6,
CHS 125nb (Ø139.7x5.4) 6.5m,CHS,PLAIN_CARBON_STEEL,GR250,GALVANISED,METERAGE,TRUE,MILLIMETERS,6500,,125,139.7,,,5.4,10,,,17.9,
CHS 150nb (Ø165.1x3.0) 6.5m,CHS,PLAIN_CARBON_STEEL,GR250,GALVANISED,METERAGE,TRUE,MILLIMETERS,6500,,150,165.1,,,3.0,10,,,12,
CHS 150nb (Ø165.1x3.5) 6.5m,CHS,PLAIN_CARBON_STEEL,GR250,GALVANISED,METERAGE,TRUE,MILLIMETERS,6500,,150,165.1,,,3.5,10,,,13.9,
CHS 150nb (Ø165.1x5.0) 6.5m,CHS,PLAIN_CARBON_STEEL,GR250,GALVANISED,METERAGE,TRUE,MILLIMETERS,6500,,150,165.1,,,5.0,10,,,19.7,
CHS 150nb (Ø165.1x5.4) 6.5m,CHS,PLAIN_CARBON_STEEL,GR250,GALVANISED,METERAGE,TRUE,MILLIMETERS,6500,,150,165.1,,,5.4,10,,,21.3,
,,,,,,,,,,,,,,,,,,,
CHS 65nb (Ø76.1x4.0) 9m,CHS,PLAIN_CARBON_STEEL,GR350,NONE,METERAGE,TRUE,MILLIMETERS,9000,,65,76.1,,,4.0,1,,,7.13,
CHS 65nb (Ø76.1x4.0) 12m,CHS,PLAIN_CARBON_STEEL,GR350,NONE,METERAGE,TRUE,MILLIMETERS,12000,,65,76.1,,,4.0,1,,,7.13,
CHS 65nb (Ø76.1x5.0) 9m,CHS,PLAIN_CARBON_STEEL,GR350,NONE,METERAGE,TRUE,MILLIMETERS,9000,,65,76.1,,,5.0,1,,,8.77,
CHS 65nb (Ø76.1x5.0) 12m,CHS,PLAIN_CARBON_STEEL,GR350,NONE,METERAGE,TRUE,MILLIMETERS,12000,,65,76.1,,,5.0,1,,,8.77,
CHS 80nb (Ø88.9x5.5) 9m,CHS,PLAIN_CARBON_STEEL,GR350,NONE,METERAGE,TRUE,MILLIMETERS,9000,,80,88.9,,,5.5,1,,,11.31,
CHS 80nb (Ø88.9x5.5) 12m,CHS,PLAIN_CARBON_STEEL,GR350,NONE,METERAGE,TRUE,MILLIMETERS,12000,,80,88.9,,,5.5,1,,,11.31,
CHS 100nb (Ø114.3x4.8) 9m,CHS,PLAIN_CARBON_STEEL,GR350,NONE,METERAGE,TRUE,MILLIMETERS,9000,,100,114.3,,,4.8,1,,,12.96,
CHS 100nb (Ø114.3x4.8) 12m,CHS,PLAIN_CARBON_STEEL,GR350,NONE,METERAGE,TRUE,MILLIMETERS,12000,,100,114.3,,,4.8,1,,,12.96,
CHS 100nb (Ø114.3x6.0) 9m,CHS,PLAIN_CARBON_STEEL,GR350,NONE,METERAGE,TRUE,MILLIMETERS,9000,,100,114.3,,,6.0,1,,,16.02,
CHS 100nb (Ø114.3x6.0) 12m,CHS,PLAIN_CARBON_STEEL,GR350,NONE,METERAGE,TRUE,MILLIMETERS,12000,,100,114.3,,,6.0,1,,,16.02,
CHS 125nb (Ø139.7x4.8) 9m,CHS,PLAIN_CARBON_STEEL,GR350,NONE,METERAGE,TRUE,MILLIMETERS,9000,,125,139.7,,,4.8,1,,,16.16,
CHS 125nb (Ø139.7x4.8) 12m,CHS,PLAIN_CARBON_STEEL,GR350,NONE,METERAGE,TRUE,MILLIMETERS,12000,,125,139.7,,,4.8,1,,,16.16,
CHS 125nb (Ø139.7x6.6) 9m,CHS,PLAIN_CARBON_STEEL,GR350,NONE,METERAGE,TRUE,MILLIMETERS,9000,,125,139.7,,,6.6,1,,,21.99,
CHS 125nb (Ø139.7x6.6) 12m,CHS,PLAIN_CARBON_STEEL,GR350,NONE,METERAGE,TRUE,MILLIMETERS,12000,,125,139.7,,,6.6,1,,,21.99,
CHS 150nb (Ø168.3x4.8) 9m,CHS,PLAIN_CARBON_STEEL,GR350,NONE,METERAGE,TRUE,MILLIMETERS,9000,,150,168.3,,,4.8,1,,,19.35,
CHS 150nb (Ø168.3x4.8) 12m,CHS,PLAIN_CARBON_STEEL,GR350,NONE,METERAGE,TRUE,MILLIMETERS,12000,,150,168.3,,,4.8,1,,,19.35,
CHS 150nb (Ø168.3x6.4) 9m,CHS,PLAIN_CARBON_STEEL,GR350,NONE,METERAGE,TRUE,MILLIMETERS,9000,,150,168.3,,,6.4,1,,,25.55,
CHS 150nb (Ø168.3x6.4) 12m,CHS,PLAIN_CARBON_STEEL,GR350,NONE,METERAGE,TRUE,MILLIMETERS,12000,,150,168.3,,,6.4,1,,,25.55,
CHS 150nb (Ø168.3x7.1) 9m,CHS,PLAIN_CARBON_STEEL,GR350,NONE,METERAGE,TRUE,MILLIMETERS,9000,,150,168.3,,,7.1,1,,,28.22,
CHS 150nb (Ø168.3x7.1) 12m,CHS,PLAIN_CARBON_STEEL,GR350,NONE,METERAGE,TRUE,MILLIMETERS,12000,,150,168.3,,,7.1,1,,,28.22,
CHS 150nb (Ø168.3x11.0) 9m,CHS,PLAIN_CARBON_STEEL,GR350,NONE,METERAGE,TRUE,MILLIMETERS,9000,,150,168.3,,,11.0,1,,,42.67,
CHS 150nb (Ø168.3x11.0) 12m,CHS,PLAIN_CARBON_STEEL,GR350,NONE,METERAGE,TRUE,MILLIMETERS,12000,,150,168.3,,,11.0,1,,,42.67,
,,,,,,,,,,,,,,,,,,,
CHS 200nb (Ø193.7x4.5) 9m,CHS,PLAIN_CARBON_STEEL,GR350,NONE,METERAGE,TRUE,MILLIMETERS,9000,,200,193.7,,,4.5,1,,,,
CHS 200nb (Ø193.7x4.5) 12m,CHS,PLAIN_CARBON_STEEL,GR350,NONE,METERAGE,TRUE,MILLIMETERS,12000,,200,193.7,,,4.5,1,,,,
CHS 200nb (Ø193.7x5.0) 9m,CHS,PLAIN_CARBON_STEEL,GR350,NONE,METERAGE,TRUE,MILLIMETERS,9000,,200,193.7,,,5.0,1,,,,
CHS 200nb (Ø193.7x5.0) 12m,CHS,PLAIN_CARBON_STEEL,GR350,NONE,METERAGE,TRUE,MILLIMETERS,12000,,200,193.7,,,5.0,1,,,,
CHS 200nb (Ø193.7x6.0) 9m,CHS,PLAIN_CARBON_STEEL,GR350,NONE,METERAGE,TRUE,MILLIMETERS,9000,,200,193.7,,,6.0,1,,,,
CHS 200nb (Ø193.7x6.0) 12m,CHS,PLAIN_CARBON_STEEL,GR350,NONE,METERAGE,TRUE,MILLIMETERS,12000,,200,193.7,,,6.0,1,,,,
CHS 200nb (Ø193.7x8.0) 9m,CHS,PLAIN_CARBON_STEEL,GR350,NONE,METERAGE,TRUE,MILLIMETERS,9000,,200,193.7,,,8.0,1,,,,
CHS 200nb (Ø193.7x8.0) 12m,CHS,PLAIN_CARBON_STEEL,GR350,NONE,METERAGE,TRUE,MILLIMETERS,12000,,200,193.7,,,8.0,1,,,,
CHS 200nb (Ø193.7x10.0) 9m,CHS,PLAIN_CARBON_STEEL,GR350,NONE,METERAGE,TRUE,MILLIMETERS,9000,,200,193.7,,,10.0,1,,,,
CHS 200nb (Ø193.7x10.0) 12m,CHS,PLAIN_CARBON_STEEL,GR350,NONE,METERAGE,TRUE,MILLIMETERS,12000,,200,193.7,,,10.0,1,,,,
CHS 200nb (Ø193.7x12.5) 9m,CHS,PLAIN_CARBON_STEEL,GR350,NONE,METERAGE,TRUE,MILLIMETERS,9000,,200,193.7,,,12.5,1,,,,
CHS 200nb (Ø193.7x12.5) 12m,CHS,PLAIN_CARBON_STEEL,GR350,NONE,METERAGE,TRUE,MILLIMETERS,12000,,200,193.7,,,12.5,1,,,,
,,,,,,,,,,,,,,,,,,,
CHS 200nb (Ø219.1x4.8) 9m,CHS,PLAIN_CARBON_STEEL,GR350,NONE,METERAGE,TRUE,MILLIMETERS,9000,,200,219.1,,,4.8,1,,,25.37,
CHS 200nb (Ø219.1x4.8) 12m,CHS,PLAIN_CARBON_STEEL,GR350,NONE,METERAGE,TRUE,MILLIMETERS,12000,,200,219.1,,,4.8,1,,,25.37,
CHS 200nb (Ø219.1x6.4) 9m,CHS,PLAIN_CARBON_STEEL,GR350,NONE,METERAGE,TRUE,MILLIMETERS,9000,,200,219.1,,,6.4,1,,,33.57,
CHS 200nb (Ø219.1x6.4) 12m,CHS,PLAIN_CARBON_STEEL,GR350,NONE,METERAGE,TRUE,MILLIMETERS,12000,,200,219.1,,,6.4,1,,,33.57,
CHS 200nb (Ø219.1x8.2) 9m,CHS,PLAIN_CARBON_STEEL,GR350,NONE,METERAGE,TRUE,MILLIMETERS,9000,,200,219.1,,,8.2,1,,,42.6,
CHS 200nb (Ø219.1x8.2) 12m,CHS,PLAIN_CARBON_STEEL,GR350,NONE,METERAGE,TRUE,MILLIMETERS,12000,,200,219.1,,,8.2,1,,,42.6,
CHS 200nb (Ø219.1x12.7) 9m,CHS,PLAIN_CARBON_STEEL,GR350,NONE,METERAGE,TRUE,MILLIMETERS,9000,,200,219.1,,,12.7,1,,,64.64,
CHS 200nb (Ø219.1x12.7) 12m,CHS,PLAIN_CARBON_STEEL,GR350,NONE,METERAGE,TRUE,MILLIMETERS,12000,,200,219.1,,,12.7,1,,,64.64,
CHS 250nb (Ø273.1x4.8) 9m,CHS,PLAIN_CARBON_STEEL,GR350,NONE,METERAGE,TRUE,MILLIMETERS,9000,,250,273.1,,,4.8,1,,,31.76,
CHS 250nb (Ø273.1x4.8) 12m,CHS,PLAIN_CARBON_STEEL,GR350,NONE,METERAGE,TRUE,MILLIMETERS,12000,,250,273.1,,,4.8,1,,,31.76,
CHS 250nb (Ø273.1x6.4) 9m,CHS,PLAIN_CARBON_STEEL,GR350,NONE,METERAGE,TRUE,MILLIMETERS,9000,,250,273.1,,,6.4,1,,,42.09,
CHS 250nb (Ø273.1x6.4) 12m,CHS,PLAIN_CARBON_STEEL,GR350,NONE,METERAGE,TRUE,MILLIMETERS,12000,,250,273.1,,,6.4,1,,,42.09,
CHS 250nb (Ø273.1x9.27) 9m,CHS,PLAIN_CARBON_STEEL,GR350,NONE,METERAGE,TRUE,MILLIMETERS,9000,,250,273.1,,,9.3,1,,,60.5,
CHS 250nb (Ø273.1x9.27) 12m,CHS,PLAIN_CARBON_STEEL,GR350,NONE,METERAGE,TRUE,MILLIMETERS,12000,,250,273.1,,,9.3,1,,,60.5,
CHS 250nb (Ø273.1x12.7) 9m,CHS,PLAIN_CARBON_STEEL,GR350,NONE,METERAGE,TRUE,MILLIMETERS,9000,,250,273.1,,,12.7,1,,,81.55,
CHS 250nb (Ø273.1x12.7) 12m,CHS,PLAIN_CARBON_STEEL,GR350,NONE,METERAGE,TRUE,MILLIMETERS,12000,,250,273.1,,,12.7,1,,,81.55,
CHS 300nb (Ø323.9x6.4) 9m,CHS,PLAIN_CARBON_STEEL,GR350,NONE,METERAGE,TRUE,MILLIMETERS,9000,,300,323.9,,,6.4,1,,,50.11,
CHS 300nb (Ø323.9x6.4) 12m,CHS,PLAIN_CARBON_STEEL,GR350,NONE,METERAGE,TRUE,MILLIMETERS,12000,,300,323.9,,,6.4,1,,,50.11,
CHS 300nb (Ø323.9x9.5) 9m,CHS,PLAIN_CARBON_STEEL,GR350,NONE,METERAGE,TRUE,MILLIMETERS,9000,,300,323.9,,,9.5,1,,,73.66,
CHS 300nb (Ø323.9x9.5) 12m,CHS,PLAIN_CARBON_STEEL,GR350,NONE,METERAGE,TRUE,MILLIMETERS,12000,,300,323.9,,,9.5,1,,,73.66,
CHS 300nb (Ø323.9x12.7) 9m,CHS,PLAIN_CARBON_STEEL,GR350,NONE,METERAGE,TRUE,MILLIMETERS,9000,,300,323.9,,,12.7,1,,,97.5,
CHS 300nb (Ø323.9x12.7) 12m,CHS,PLAIN_CARBON_STEEL,GR350,NONE,METERAGE,TRUE,MILLIMETERS,12000,,300,323.9,,,12.7,1,,,97.5,
CHS 350nb (Ø355.6x6.4) 9m,CHS,PLAIN_CARBON_STEEL,GR350,NONE,METERAGE,TRUE,MILLIMETERS,9000,,350,355.6,,,6.4,1,,,55.1,
CHS 350nb (Ø355.6x6.4) 12m,CHS,PLAIN_CARBON_STEEL,GR350,NONE,METERAGE,TRUE,MILLIMETERS,12000,,350,355.6,,,6.4,1,,,55.1,
CHS 350nb (Ø355.6x9.5) 9m,CHS,PLAIN_CARBON_STEEL,GR350,NONE,METERAGE,TRUE,MILLIMETERS,9000,,350,355.6,,,9.5,1,,,81.1,
CHS 350nb (Ø355.6x9.5) 12m,CHS,PLAIN_CARBON_STEEL,GR350,NONE,METERAGE,TRUE,MILLIMETERS,12000,,350,355.6,,,9.5,1,,,81.1,
CHS 350nb (Ø355.6x12.7) 9m,CHS,PLAIN_CARBON_STEEL,GR350,NONE,METERAGE,TRUE,MILLIMETERS,9000,,350,355.6,,,12.7,1,,,107.4,
CHS 350nb (Ø355.6x12.7) 12m,CHS,PLAIN_CARBON_STEEL,GR350,NONE,METERAGE,TRUE,MILLIMETERS,12000,,350,355.6,,,12.7,1,,,107.4,
CHS 400nb (Ø406.4x6.4) 9m,CHS,PLAIN_CARBON_STEEL,GR350,NONE,METERAGE,TRUE,MILLIMETERS,9000,,400,406.4,,,6.4,1,,,63.13,
CHS 400nb (Ø406.4x6.4) 12m,CHS,PLAIN_CARBON_STEEL,GR350,NONE,METERAGE,TRUE,MILLIMETERS,12000,,400,406.4,,,6.4,1,,,63.13,
CHS 400nb (Ø406.4x9.5) 9m,CHS,PLAIN_CARBON_STEEL,GR350,NONE,METERAGE,TRUE,MILLIMETERS,9000,,400,406.4,,,9.5,1,,,92.98,
CHS 400nb (Ø406.4x9.5) 12m,CHS,PLAIN_CARBON_STEEL,GR350,NONE,METERAGE,TRUE,MILLIMETERS,12000,,400,406.4,,,9.5,1,,,92.98,
CHS 400nb (Ø406.4x12.7) 9m,CHS,PLAIN_CARBON_STEEL,GR350,NONE,METERAGE,TRUE,MILLIMETERS,9000,,400,406.4,,,12.7,1,,,123.3,
CHS 400nb (Ø406.4x12.7) 12m,CHS,PLAIN_CARBON_STEEL,GR350,NONE,METERAGE,TRUE,MILLIMETERS,12000,,400,406.4,,,12.7,1,,,123.3,
CHS 450nb (Ø457.0x6.4) 9m,CHS,PLAIN_CARBON_STEEL,GR350,NONE,METERAGE,TRUE,MILLIMETERS,9000,,450,457.0,,,6.4,1,,,71.12,
CHS 450nb (Ø457.0x6.4) 12m,CHS,PLAIN_CARBON_STEEL,GR350,NONE,METERAGE,TRUE,MILLIMETERS,12000,,450,457.0,,,6.4,1,,,71.12,
CHS 450nb (Ø457.0x9.5) 9m,CHS,PLAIN_CARBON_STEEL,GR350,NONE,METERAGE,TRUE,MILLIMETERS,9000,,450,457.0,,,9.5,1,,,104.84,
CHS 450nb (Ø457.0x9.5) 12m,CHS,PLAIN_CARBON_STEEL,GR350,NONE,METERAGE,TRUE,MILLIMETERS,12000,,450,457.0,,,9.5,1,,,104.84,
CHS 450nb (Ø457.0x12.7) 9m,CHS,PLAIN_CARBON_STEEL,GR350,NONE,METERAGE,TRUE,MILLIMETERS,9000,,450,457.0,,,12.7,1,,,139.3,
CHS 450nb (Ø457.0x12.7) 12m,CHS,PLAIN_CARBON_STEEL,GR350,NONE,METERAGE,TRUE,MILLIMETERS,12000,,450,457.0,,,12.7,1,,,139.3,
CHS 500nb (Ø508.0x6.4) 9m,CHS,PLAIN_CARBON_STEEL,GR350,NONE,METERAGE,TRUE,MILLIMETERS,9000,,500,508.0,,,6.4,1,,,79.2,
CHS 500nb (Ø508.0x6.4) 12m,CHS,PLAIN_CARBON_STEEL,GR350,NONE,METERAGE,TRUE,MILLIMETERS,12000,,500,508.0,,,6.4,1,,,79.2,
CHS 500nb (Ø508.0x9.5) 9m,CHS,PLAIN_CARBON_STEEL,GR350,NONE,METERAGE,TRUE,MILLIMETERS,9000,,500,508.0,,,9.5,1,,,116.79,
CHS 500nb (Ø508.0x9.5) 12m,CHS,PLAIN_CARBON_STEEL,GR350,NONE,METERAGE,TRUE,MILLIMETERS,12000,,500,508.0,,,9.5,1,,,116.79,
CHS 500nb (Ø508.0x12.7) 9m,CHS,PLAIN_CARBON_STEEL,GR350,NONE,METERAGE,TRUE,MILLIMETERS,9000,,500,508.0,,,12.7,1,,,155.12,
CHS 500nb (Ø508.0x12.7) 12m,CHS,PLAIN_CARBON_STEEL,GR350,NONE,METERAGE,TRUE,MILLIMETERS,12000,,500,508.0,,,12.7,1,,,155.12,
CHS 600nb (Ø610.0x6.4) 9m,CHS,PLAIN_CARBON_STEEL,GR350,NONE,METERAGE,TRUE,MILLIMETERS,9000,,600,610.0,,,6.4,1,,,95.26,
CHS 600nb (Ø610.0x6.4) 12m,CHS,PLAIN_CARBON_STEEL,GR350,NONE,METERAGE,TRUE,MILLIMETERS,12000,,600,610.0,,,6.4,1,,,95.26,
CHS 600nb (Ø610.0x9.5) 9m,CHS,PLAIN_CARBON_STEEL,GR350,NONE,METERAGE,TRUE,MILLIMETERS,9000,,600,610.0,,,9.5,1,,,140.68,
CHS 600nb (Ø610.0x9.5) 12m,CHS,PLAIN_CARBON_STEEL,GR350,NONE,METERAGE,TRUE,MILLIMETERS,12000,,600,610.0,,,9.5,1,,,140.68,
CHS 600nb (Ø610.0x12.7) 9m,CHS,PLAIN_CARBON_STEEL,GR350,NONE,METERAGE,TRUE,MILLIMETERS,9000,,600,610.0,,,12.7,1,,,187.06,
CHS 600nb (Ø610.0x12.7) 12m,CHS,PLAIN_CARBON_STEEL,GR350,NONE,METERAGE,TRUE,MILLIMETERS,12000,,600,610.0,,,12.7,1,,,187.06,
CHS 600nb (Ø610.0x16.0) 9m,CHS,PLAIN_CARBON_STEEL,GR350,NONE,METERAGE,TRUE,MILLIMETERS,9000,,600,610.0,,,16.0,1,,,232.94,
CHS 600nb (Ø610.0x16.0) 12m,CHS,PLAIN_CARBON_STEEL,GR350,NONE,METERAGE,TRUE,MILLIMETERS,12000,,600,610.0,,,16.0,1,,,232.94,
CHS 650nb (Ø660.0x12.7) 9m,CHS,PLAIN_CARBON_STEEL,GR350,NONE,METERAGE,TRUE,MILLIMETERS,9000,,650,660.0,,,12.7,1,,,202.74,
CHS 650nb (Ø660.0x12.7) 12m,CHS,PLAIN_CARBON_STEEL,GR350,NONE,METERAGE,TRUE,MILLIMETERS,12000,,650,660.0,,,12.7,1,,,202.74,
CHS 700nb (Ø711.0x9.53) 9m,CHS,PLAIN_CARBON_STEEL,GR350,NONE,METERAGE,TRUE,MILLIMETERS,9000,,700,711.0,,,9.5,1,,,164.34,
CHS 700nb (Ø711.0x9.53) 12m,CHS,PLAIN_CARBON_STEEL,GR350,NONE,METERAGE,TRUE,MILLIMETERS,12000,,700,711.0,,,9.5,1,,,164.34,
CHS 700nb (Ø711.0x12.7) 9m,CHS,PLAIN_CARBON_STEEL,GR350,NONE,METERAGE,TRUE,MILLIMETERS,9000,,700,711.0,,,12.7,1,,,218.71,
CHS 700nb (Ø711.0x12.7) 12m,CHS,PLAIN_CARBON_STEEL,GR350,NONE,METERAGE,TRUE,MILLIMETERS,12000,,700,711.0,,,12.7,1,,,218.71,
CHS 700nb (Ø711.0x15.9) 9m,CHS,PLAIN_CARBON_STEEL,GR350,NONE,METERAGE,TRUE,MILLIMETERS,9000,,700,711.0,,,15.9,1,,,272.56,
CHS 700nb (Ø711.0x15.9) 12m,CHS,PLAIN_CARBON_STEEL,GR350,NONE,METERAGE,TRUE,MILLIMETERS,12000,,700,711.0,,,15.9,1,,,272.56,
CHS 750nb (Ø762.0x9.5) 9m,CHS,PLAIN_CARBON_STEEL,GR350,NONE,METERAGE,TRUE,MILLIMETERS,9000,,750,762.0,,,9.5,1,,,176.84,
CHS 750nb (Ø762.0x9.5) 12m,CHS,PLAIN_CARBON_STEEL,GR350,NONE,METERAGE,TRUE,MILLIMETERS,12000,,750,762.0,,,9.5,1,,,176.84,
CHS 750nb (Ø762.0x12.7) 9m,CHS,PLAIN_CARBON_STEEL,GR350,NONE,METERAGE,TRUE,MILLIMETERS,9000,,750,762.0,,,12.7,1,,,234.68,
CHS 750nb (Ø762.0x12.7) 12m,CHS,PLAIN_CARBON_STEEL,GR350,NONE,METERAGE,TRUE,MILLIMETERS,12000,,750,762.0,,,12.7,1,,,234.68,
CHS 750nb (Ø762.0x15.9) 9m,CHS,PLAIN_CARBON_STEEL,GR350,NONE,METERAGE,TRUE,MILLIMETERS,9000,,750,762.0,,,15.9,1,,,292.54,
CHS 750nb (Ø762.0x15.9) 12m,CHS,PLAIN_CARBON_STEEL,GR350,NONE,METERAGE,TRUE,MILLIMETERS,12000,,750,762.0,,,15.9,1,,,292.54,
CHS 750nb (Ø762.0x19.05) 9m,CHS,PLAIN_CARBON_STEEL,GR350,NONE,METERAGE,TRUE,MILLIMETERS,9000,,750,762.0,,,19.1,1,,,348.99,
CHS 750nb (Ø762.0x19.05) 12m,CHS,PLAIN_CARBON_STEEL,GR350,NONE,METERAGE,TRUE,MILLIMETERS,12000,,750,762.0,,,19.1,1,,,348.99,
CHS 800nb (Ø813.0x9.5) 9m,CHS,PLAIN_CARBON_STEEL,GR350,NONE,METERAGE,TRUE,MILLIMETERS,9000,,800,813.0,,,9.5,1,,,188.82,
CHS 800nb (Ø813.0x9.5) 12m,CHS,PLAIN_CARBON_STEEL,GR350,NONE,METERAGE,TRUE,MILLIMETERS,12000,,800,813.0,,,9.5,1,,,188.82,
CHS 800nb (Ø813.0x12.7) 9m,CHS,PLAIN_CARBON_STEEL,GR350,NONE,METERAGE,TRUE,MILLIMETERS,9000,,800,813.0,,,12.7,1,,,250.64,
CHS 800nb (Ø813.0x12.7) 12m,CHS,PLAIN_CARBON_STEEL,GR350,NONE,METERAGE,TRUE,MILLIMETERS,12000,,800,813.0,,,12.7,1,,,250.64,
CHS 800nb (Ø813.0x16.0) 9m,CHS,PLAIN_CARBON_STEEL,GR350,NONE,METERAGE,TRUE,MILLIMETERS,9000,,800,813.0,,,16.0,1,,,314.39,
CHS 800nb (Ø813.0x16.0) 12m,CHS,PLAIN_CARBON_STEEL,GR350,NONE,METERAGE,TRUE,MILLIMETERS,12000,,800,813.0,,,16.0,1,,,314.39,
CHS 900nb (Ø914.0x9.5) 9m,CHS,PLAIN_CARBON_STEEL,GR350,NONE,METERAGE,TRUE,MILLIMETERS,9000,,900,914.0,,,9.5,1,,,211.91,
CHS 900nb (Ø914.0x9.5) 12m,CHS,PLAIN_CARBON_STEEL,GR350,NONE,METERAGE,TRUE,MILLIMETERS,12000,,900,914.0,,,9.5,1,,,211.91,
CHS 900nb (Ø914.0x12.7) 9m,CHS,PLAIN_CARBON_STEEL,GR350,NONE,METERAGE,TRUE,MILLIMETERS,9000,,900,914.0,,,12.7,1,,,282.29,
CHS 900nb (Ø914.0x12.7) 12m,CHS,PLAIN_CARBON_STEEL,GR350,NONE,METERAGE,TRUE,MILLIMETERS,12000,,900,914.0,,,12.7,1,,,282.29,
CHS 900nb (Ø914.0x15.9) 9m,CHS,PLAIN_CARBON_STEEL,GR350,NONE,METERAGE,TRUE,MILLIMETERS,9000,,900,914.0,,,15.9,1,,,352.16,
CHS 900nb (Ø914.0x15.9) 12m,CHS,PLAIN_CARBON_STEEL,GR350,NONE,METERAGE,TRUE,MILLIMETERS,12000,,900,914.0,,,15.9,1,,,352.16,
CHS 1050nb (Ø1067.0x9.53) 9m,CHS,PLAIN_CARBON_STEEL,GR350,NONE,METERAGE,TRUE,MILLIMETERS,9000,,1050,1067.0,,,9.5,1,,,248.52,
CHS 1050nb (Ø1067.0x9.53) 12m,CHS,PLAIN_CARBON_STEEL,GR350,NONE,METERAGE,TRUE,MILLIMETERS,12000,,1050,1067.0,,,9.5,1,,,248.52,
CHS 1050nb (Ø1067.0x12.7) 9m,CHS,PLAIN_CARBON_STEEL,GR350,NONE,METERAGE,TRUE,MILLIMETERS,9000,,1050,1067.0,,,12.7,1,,,330.19,
CHS 1050nb (Ø1067.0x12.7) 12m,CHS,PLAIN_CARBON_STEEL,GR350,NONE,METERAGE,TRUE,MILLIMETERS,12000,,1050,1067.0,,,12.7,1,,,330.19,
,,,,,,,,,,,,,,,,,,,
,,,,,,,,,,,,,,,,,,,
LVL 11 H2 100x63 termiSPAN Bearer,LVL,TIMBER,,TREATED_H2,METERAGE,TRUE,MILLIMETERS,3000,,63,,100,,,1,,,,https://canterburytimbers.com.au/buy/lvl-11-h2-100x63-termispan-bearer/
LVL 11 H2 100x63 termiSPAN Bearer,LVL,TIMBER,,TREATED_H2,METERAGE,TRUE,MILLIMETERS,3600,,63,,100,,,1,,,,https://canterburytimbers.com.au/buy/lvl-11-h2-100x63-termispan-bearer/
LVL 11 H2 100x63 termiSPAN Bearer,LVL,TIMBER,,TREATED_H2,METERAGE,TRUE,MILLIMETERS,4200,,63,,100,,,1,,,,https://canterburytimbers.com.au/buy/lvl-11-h2-100x63-termispan-bearer/
LVL 11 H2 100x63 termiSPAN Bearer,LVL,TIMBER,,TREATED_H2,METERAGE,TRUE,MILLIMETERS,4800,,63,,100,,,1,,,,https://canterburytimbers.com.au/buy/lvl-11-h2-100x63-termispan-bearer/
LVL 11 H2 100x63 termiSPAN Bearer,LVL,TIMBER,,TREATED_H2,METERAGE,TRUE,MILLIMETERS,5400,,63,,100,,,1,,,,https://canterburytimbers.com.au/buy/lvl-11-h2-100x63-termispan-bearer/
LVL 11 H2 100x63 termiSPAN Bearer,LVL,TIMBER,,TREATED_H2,METERAGE,TRUE,MILLIMETERS,6000,,63,,100,,,1,,,,https://canterburytimbers.com.au/buy/lvl-11-h2-100x63-termispan-bearer/
LVL 11 H2 100x63 termiSPAN Bearer,LVL,TIMBER,,TREATED_H2,METERAGE,TRUE,MILLIMETERS,7200,,63,,100,,,1,,,,https://canterburytimbers.com.au/buy/lvl-11-h2-100x63-termispan-bearer/
,,,,,,,,,,,,,,,,,,,
LVL E13 90X63 h2 3m,LVL,TIMBER,E13,TREATED_H2,METERAGE,TRUE,MILLIMETERS,3000,,63,,90,,,1,,,,https://canterburytimbers.com.au/buy/lvl-e13-90x63-h2/
LVL E13 90X63 h2 3.6m,LVL,TIMBER,E13,TREATED_H2,METERAGE,TRUE,MILLIMETERS,3600,,63,,90,,,1,,,,https://canterburytimbers.com.au/buy/lvl-e13-90x63-h2/
LVL E13 90X63 h2 4.2m,LVL,TIMBER,E13,TREATED_H2,METERAGE,TRUE,MILLIMETERS,4200,,63,,90,,,1,,,,https://canterburytimbers.com.au/buy/lvl-e13-90x63-h2/
LVL E13 90X63 h2 4.8m,LVL,TIMBER,E13,TREATED_H2,METERAGE,TRUE,MILLIMETERS,4800,,63,,90,,,1,,,,https://canterburytimbers.com.au/buy/lvl-e13-90x63-h2/
LVL E13 90X63 h2 5.4m,LVL,TIMBER,E13,TREATED_H2,METERAGE,TRUE,MILLIMETERS,5400,,63,,90,,,1,,,,https://canterburytimbers.com.au/buy/lvl-e13-90x63-h2/
LVL E13 90X63 h2 6m,LVL,TIMBER,E13,TREATED_H2,METERAGE,TRUE,MILLIMETERS,6000,,63,,90,,,1,,,,https://canterburytimbers.com.au/buy/lvl-e13-90x63-h2/
LVL E13 90X63 h2 7.2,LVL,TIMBER,E13,TREATED_H2,METERAGE,TRUE,MILLIMETERS,7200,,63,,90,,,1,,,,https://canterburytimbers.com.au/buy/lvl-e13-90x63-h2/
,,,,,,,,,,,,,,,,,,,
,,,,,,,,,,,,,,,,,,,
6PL 2400x6000 GR250,PLATE,PLAIN_CARBON_STEEL,GR250,NONE,AREA,TRUE,MILLIMETERS,6000,,2400,,6,,,1,,,47.1,https://www.southernsteel.com.au/wp-content/uploads/2023/03/Southern-Steel-Supplies-Steel-Reference-Guide-Apr-2023-Rev-4.pdf
6PL 2400x9000 GR250,PLATE,PLAIN_CARBON_STEEL,GR250,NONE,AREA,TRUE,MILLIMETERS,9000,,2400,,6,,,1,,,47.1,https://www.southernsteel.com.au/wp-content/uploads/2023/03/Southern-Steel-Supplies-Steel-Reference-Guide-Apr-2023-Rev-4.pdf
6PL 3000x9000 GR250,PLATE,PLAIN_CARBON_STEEL,GR250,NONE,AREA,TRUE,MILLIMETERS,9000,,3000,,6,,,1,,,47.1,https://www.southernsteel.com.au/wp-content/uploads/2023/03/Southern-Steel-Supplies-Steel-Reference-Guide-Apr-2023-Rev-4.pdf
6PL 3000x12000 GR250,PLATE,PLAIN_CARBON_STEEL,GR250,NONE,AREA,TRUE,MILLIMETERS,12000,,3000,,6,,,1,,,47.1,https://www.southernsteel.com.au/wp-content/uploads/2023/03/Southern-Steel-Supplies-Steel-Reference-Guide-Apr-2023-Rev-4.pdf
6PL 3200x12000 GR250,PLATE,PLAIN_CARBON_STEEL,GR250,NONE,AREA,TRUE,MILLIMETERS,12000,,3200,,6,,,1,,,47.1,https://www.southernsteel.com.au/wp-content/uploads/2023/03/Southern-Steel-Supplies-Steel-Reference-Guide-Apr-2023-Rev-4.pdf
8PL 2400x6000 GR250,PLATE,PLAIN_CARBON_STEEL,GR250,NONE,AREA,TRUE,MILLIMETERS,6000,,2400,,8,,,1,,,62.8,https://www.southernsteel.com.au/wp-content/uploads/2023/03/Southern-Steel-Supplies-Steel-Reference-Guide-Apr-2023-Rev-4.pdf
8PL 2400x9000 GR250,PLATE,PLAIN_CARBON_STEEL,GR250,NONE,AREA,TRUE,MILLIMETERS,9000,,2400,,8,,,1,,,62.8,https://www.southernsteel.com.au/wp-content/uploads/2023/03/Southern-Steel-Supplies-Steel-Reference-Guide-Apr-2023-Rev-4.pdf
8PL 3000x9000 GR250,PLATE,PLAIN_CARBON_STEEL,GR250,NONE,AREA,TRUE,MILLIMETERS,9000,,3000,,8,,,1,,,62.8,https://www.southernsteel.com.au/wp-content/uploads/2023/03/Southern-Steel-Supplies-Steel-Reference-Guide-Apr-2023-Rev-4.pdf
8PL 3000x12000 GR250,PLATE,PLAIN_CARBON_STEEL,GR250,NONE,AREA,TRUE,MILLIMETERS,12000,,3000,,8,,,1,,,62.8,https://www.southernsteel.com.au/wp-content/uploads/2023/03/Southern-Steel-Supplies-Steel-Reference-Guide-Apr-2023-Rev-4.pdf
8PL 3200x12000 GR250,PLATE,PLAIN_CARBON_STEEL,GR250,NONE,AREA,TRUE,MILLIMETERS,12000,,3200,,8,,,1,,,62.8,https://www.southernsteel.com.au/wp-content/uploads/2023/03/Southern-Steel-Supplies-Steel-Reference-Guide-Apr-2023-Rev-4.pdf
10PL 2400x6000 GR250,PLATE,PLAIN_CARBON_STEEL,GR250,NONE,AREA,TRUE,MILLIMETERS,6000,,2400,,10,,,1,,,78.5,https://www.southernsteel.com.au/wp-content/uploads/2023/03/Southern-Steel-Supplies-Steel-Reference-Guide-Apr-2023-Rev-4.pdf
10PL 2400x9000 GR250,PLATE,PLAIN_CARBON_STEEL,GR250,NONE,AREA,TRUE,MILLIMETERS,9000,,2400,,10,,,1,,,78.5,https://www.southernsteel.com.au/wp-content/uploads/2023/03/Southern-Steel-Supplies-Steel-Reference-Guide-Apr-2023-Rev-4.pdf
10PL 3000x9000 GR250,PLATE,PLAIN_CARBON_STEEL,GR250,NONE,AREA,TRUE,MILLIMETERS,9000,,3000,,10,,,1,,,78.5,https://www.southernsteel.com.au/wp-content/uploads/2023/03/Southern-Steel-Supplies-Steel-Reference-Guide-Apr-2023-Rev-4.pdf
10PL 3000x12000 GR250,PLATE,PLAIN_CARBON_STEEL,GR250,NONE,AREA,TRUE,MILLIMETERS,12000,,3000,,10,,,1,,,78.5,https://www.southernsteel.com.au/wp-content/uploads/2023/03/Southern-Steel-Supplies-Steel-Reference-Guide-Apr-2023-Rev-4.pdf
10PL 3200x12000 GR250,PLATE,PLAIN_CARBON_STEEL,GR250,NONE,AREA,TRUE,MILLIMETERS,12000,,3200,,10,,,1,,,78.5,https://www.southernsteel.com.au/wp-content/uploads/2023/03/Southern-Steel-Supplies-Steel-Reference-Guide-Apr-2023-Rev-4.pdf
12PL 2400x6000 GR250,PLATE,PLAIN_CARBON_STEEL,GR250,NONE,AREA,TRUE,MILLIMETERS,6000,,2400,,12,,,1,,,94.2,https://www.southernsteel.com.au/wp-content/uploads/2023/03/Southern-Steel-Supplies-Steel-Reference-Guide-Apr-2023-Rev-4.pdf
12PL 2400x9000 GR250,PLATE,PLAIN_CARBON_STEEL,GR250,NONE,AREA,TRUE,MILLIMETERS,9000,,2400,,12,,,1,,,94.2,https://www.southernsteel.com.au/wp-content/uploads/2023/03/Southern-Steel-Supplies-Steel-Reference-Guide-Apr-2023-Rev-4.pdf
12PL 3000x12000 GR250,PLATE,PLAIN_CARBON_STEEL,GR250,NONE,AREA,TRUE,MILLIMETERS,12000,,3000,,12,,,1,,,94.2,https://www.southernsteel.com.au/wp-content/uploads/2023/03/Southern-Steel-Supplies-Steel-Reference-Guide-Apr-2023-Rev-4.pdf
12PL 3200x12000 GR250,PLATE,PLAIN_CARBON_STEEL,GR250,NONE,AREA,TRUE,MILLIMETERS,12000,,3200,,12,,,1,,,94.2,https://www.southernsteel.com.au/wp-content/uploads/2023/03/Southern-Steel-Supplies-Steel-Reference-Guide-Apr-2023-Rev-4.pdf
16PL 2400x6000 GR250,PLATE,PLAIN_CARBON_STEEL,GR250,NONE,AREA,TRUE,MILLIMETERS,6000,,2400,,16,,,1,,,125.6,https://www.southernsteel.com.au/wp-content/uploads/2023/03/Southern-Steel-Supplies-Steel-Reference-Guide-Apr-2023-Rev-4.pdf
16PL 2400x9000 GR250,PLATE,PLAIN_CARBON_STEEL,GR250,NONE,AREA,TRUE,MILLIMETERS,9000,,2400,,16,,,1,,,125.6,https://www.southernsteel.com.au/wp-content/uploads/2023/03/Southern-Steel-Supplies-Steel-Reference-Guide-Apr-2023-Rev-4.pdf
16PL 3000x12000 GR250,PLATE,PLAIN_CARBON_STEEL,GR250,NONE,AREA,TRUE,MILLIMETERS,12000,,3000,,16,,,1,,,125.6,https://www.southernsteel.com.au/wp-content/uploads/2023/03/Southern-Steel-Supplies-Steel-Reference-Guide-Apr-2023-Rev-4.pdf
16PL 3200x12000 GR250,PLATE,PLAIN_CARBON_STEEL,GR250,NONE,AREA,TRUE,MILLIMETERS,12000,,3200,,16,,,1,,,125.6,https://www.southernsteel.com.au/wp-content/uploads/2023/03/Southern-Steel-Supplies-Steel-Reference-Guide-Apr-2023-Rev-4.pdf
20PL 2400x6000 GR250,PLATE,PLAIN_CARBON_STEEL,GR250,NONE,AREA,TRUE,MILLIMETERS,6000,,2400,,20,,,1,,,157,https://www.southernsteel.com.au/wp-content/uploads/2023/03/Southern-Steel-Supplies-Steel-Reference-Guide-Apr-2023-Rev-4.pdf
20PL 3000x9000 GR250,PLATE,PLAIN_CARBON_STEEL,GR250,NONE,AREA,TRUE,MILLIMETERS,9000,,3000,,20,,,1,,,157,https://www.southernsteel.com.au/wp-content/uploads/2023/03/Southern-Steel-Supplies-Steel-Reference-Guide-Apr-2023-Rev-4.pdf
20PL 3000x12000 GR250,PLATE,PLAIN_CARBON_STEEL,GR250,NONE,AREA,TRUE,MILLIMETERS,12000,,3000,,20,,,1,,,157,https://www.southernsteel.com.au/wp-content/uploads/2023/03/Southern-Steel-Supplies-Steel-Reference-Guide-Apr-2023-Rev-4.pdf
20PL 3200x12000 GR250,PLATE,PLAIN_CARBON_STEEL,GR250,NONE,AREA,TRUE,MILLIMETERS,12000,,3200,,20,,,1,,,157,https://www.southernsteel.com.au/wp-content/uploads/2023/03/Southern-Steel-Supplies-Steel-Reference-Guide-Apr-2023-Rev-4.pdf
25PL 2400x6000 GR250,PLATE,PLAIN_CARBON_STEEL,GR250,NONE,AREA,TRUE,MILLIMETERS,6000,,2400,,25,,,1,,,196.25,https://www.southernsteel.com.au/wp-content/uploads/2023/03/Southern-Steel-Supplies-Steel-Reference-Guide-Apr-2023-Rev-4.pdf
25PL 3000x9000 GR250,PLATE,PLAIN_CARBON_STEEL,GR250,NONE,AREA,TRUE,MILLIMETERS,9000,,3000,,25,,,1,,,196.25,https://www.southernsteel.com.au/wp-content/uploads/2023/03/Southern-Steel-Supplies-Steel-Reference-Guide-Apr-2023-Rev-4.pdf
25PL 3000x12000 GR250,PLATE,PLAIN_CARBON_STEEL,GR250,NONE,AREA,TRUE,MILLIMETERS,12000,,3000,,25,,,1,,,196.25,https://www.southernsteel.com.au/wp-content/uploads/2023/03/Southern-Steel-Supplies-Steel-Reference-Guide-Apr-2023-Rev-4.pdf
25PL 3200x12000 GR250,PLATE,PLAIN_CARBON_STEEL,GR250,NONE,AREA,TRUE,MILLIMETERS,12000,,3200,,25,,,1,,,196.25,https://www.southernsteel.com.au/wp-content/uploads/2023/03/Southern-Steel-Supplies-Steel-Reference-Guide-Apr-2023-Rev-4.pdf
28PL 2400x6000 GR250,PLATE,PLAIN_CARBON_STEEL,GR250,NONE,AREA,TRUE,MILLIMETERS,6000,,2400,,28,,,1,,,219.8,https://www.southernsteel.com.au/wp-content/uploads/2023/03/Southern-Steel-Supplies-Steel-Reference-Guide-Apr-2023-Rev-4.pdf
32PL 2400x6000 GR250,PLATE,PLAIN_CARBON_STEEL,GR250,NONE,AREA,TRUE,MILLIMETERS,6000,,2400,,32,,,1,,,251.2,https://www.southernsteel.com.au/wp-content/uploads/2023/03/Southern-Steel-Supplies-Steel-Reference-Guide-Apr-2023-Rev-4.pdf
32PL 3000x9000 GR250,PLATE,PLAIN_CARBON_STEEL,GR250,NONE,AREA,TRUE,MILLIMETERS,9000,,3000,,32,,,1,,,251.2,https://www.southernsteel.com.au/wp-content/uploads/2023/03/Southern-Steel-Supplies-Steel-Reference-Guide-Apr-2023-Rev-4.pdf
36PL 2400x9000 GR250,PLATE,PLAIN_CARBON_STEEL,GR250,NONE,AREA,TRUE,MILLIMETERS,9000,,2400,,36,,,1,,,282.6,https://www.southernsteel.com.au/wp-content/uploads/2023/03/Southern-Steel-Supplies-Steel-Reference-Guide-Apr-2023-Rev-4.pdf
40PL 2400x6000 GR250,PLATE,PLAIN_CARBON_STEEL,GR250,NONE,AREA,TRUE,MILLIMETERS,6000,,2400,,40,,,1,,,314,https://www.southernsteel.com.au/wp-content/uploads/2023/03/Southern-Steel-Supplies-Steel-Reference-Guide-Apr-2023-Rev-4.pdf
45PL 2400x9000 GR250,PLATE,PLAIN_CARBON_STEEL,GR250,NONE,AREA,TRUE,MILLIMETERS,9000,,2400,,45,,,1,,,353.25,https://www.southernsteel.com.au/wp-content/uploads/2023/03/Southern-Steel-Supplies-Steel-Reference-Guide-Apr-2023-Rev-4.pdf
50PL 2400x6000 GR250,PLATE,PLAIN_CARBON_STEEL,GR250,NONE,AREA,TRUE,MILLIMETERS,6000,,2400,,50,,,1,,,392.5,https://www.southernsteel.com.au/wp-content/uploads/2023/03/Southern-Steel-Supplies-Steel-Reference-Guide-Apr-2023-Rev-4.pdf
50PL 2400x9000 GR250,PLATE,PLAIN_CARBON_STEEL,GR250,NONE,AREA,TRUE,MILLIMETERS,9000,,2400,,50,,,1,,,392.5,https://www.southernsteel.com.au/wp-content/uploads/2023/03/Southern-Steel-Supplies-Steel-Reference-Guide-Apr-2023-Rev-4.pdf
55PL 2400x6000 GR250,PLATE,PLAIN_CARBON_STEEL,GR250,NONE,AREA,TRUE,MILLIMETERS,6000,,2400,,55,,,1,,,431.75,https://www.southernsteel.com.au/wp-content/uploads/2023/03/Southern-Steel-Supplies-Steel-Reference-Guide-Apr-2023-Rev-4.pdf
60PL 2400x6000 GR250,PLATE,PLAIN_CARBON_STEEL,GR250,NONE,AREA,TRUE,MILLIMETERS,6000,,2400,,60,,,1,,,471,https://www.southernsteel.com.au/wp-content/uploads/2023/03/Southern-Steel-Supplies-Steel-Reference-Guide-Apr-2023-Rev-4.pdf
70PL 2400x6000 GR250,PLATE,PLAIN_CARBON_STEEL,GR250,NONE,AREA,TRUE,MILLIMETERS,6000,,2400,,70,,,1,,,549.5,https://www.southernsteel.com.au/wp-content/uploads/2023/03/Southern-Steel-Supplies-Steel-Reference-Guide-Apr-2023-Rev-4.pdf
80PL 2400x5200 GR250,PLATE,PLAIN_CARBON_STEEL,GR250,NONE,AREA,TRUE,MILLIMETERS,5200,,2400,,80,,,1,,,628,https://www.southernsteel.com.au/wp-content/uploads/2023/03/Southern-Steel-Supplies-Steel-Reference-Guide-Apr-2023-Rev-4.pdf
90PL 1800x6000 GR250,PLATE,PLAIN_CARBON_STEEL,GR250,NONE,AREA,TRUE,MILLIMETERS,6000,,1800,,90,,,1,,,706.5,https://www.southernsteel.com.au/wp-content/uploads/2023/03/Southern-Steel-Supplies-Steel-Reference-Guide-Apr-2023-Rev-4.pdf
100PL 2400x4000 GR250,PLATE,PLAIN_CARBON_STEEL,GR250,NONE,AREA,TRUE,MILLIMETERS,4000,,2400,,100,,,1,,,785,https://www.southernsteel.com.au/wp-content/uploads/2023/03/Southern-Steel-Supplies-Steel-Reference-Guide-Apr-2023-Rev-4.pdf
110PL 2400x3700 GR250,PLATE,PLAIN_CARBON_STEEL,GR250,NONE,AREA,TRUE,MILLIMETERS,3700,,2400,,110,,,1,,,863.5,https://www.southernsteel.com.au/wp-content/uploads/2023/03/Southern-Steel-Supplies-Steel-Reference-Guide-Apr-2023-Rev-4.pdf
120PL 2400x3400 GR250,PLATE,PLAIN_CARBON_STEEL,GR250,NONE,AREA,TRUE,MILLIMETERS,3400,,2400,,120,,,1,,,942,https://www.southernsteel.com.au/wp-content/uploads/2023/03/Southern-Steel-Supplies-Steel-Reference-Guide-Apr-2023-Rev-4.pdf
130PL 2400x3100 GR250,PLATE,PLAIN_CARBON_STEEL,GR250,NONE,AREA,TRUE,MILLIMETERS,3100,,2400,,130,,,1,,,1020.5,https://www.southernsteel.com.au/wp-content/uploads/2023/03/Southern-Steel-Supplies-Steel-Reference-Guide-Apr-2023-Rev-4.pdf
150PL 2400x2700 GR250,PLATE,PLAIN_CARBON_STEEL,GR250,NONE,AREA,TRUE,MILLIMETERS,2700,,2400,,150,,,1,,,1177.5,https://www.southernsteel.com.au/wp-content/uploads/2023/03/Southern-Steel-Supplies-Steel-Reference-Guide-Apr-2023-Rev-4.pdf
,,,,,,,,,,,,,,,,,,,
5PL 2400x6000 GR350,PLATE,PLAIN_CARBON_STEEL,GR350,NONE,AREA,TRUE,MILLIMETERS,6000,,2400,,5,,,1,,,39.25,https://www.southernsteel.com.au/wp-content/uploads/2023/03/Southern-Steel-Supplies-Steel-Reference-Guide-Apr-2023-Rev-4.pdf
5PL 2400x9000 GR350,PLATE,PLAIN_CARBON_STEEL,GR350,NONE,AREA,TRUE,MILLIMETERS,9000,,2400,,5,,,1,,,39.25,https://www.southernsteel.com.au/wp-content/uploads/2023/03/Southern-Steel-Supplies-Steel-Reference-Guide-Apr-2023-Rev-4.pdf
5PL 3000x9000 GR350,PLATE,PLAIN_CARBON_STEEL,GR350,NONE,AREA,TRUE,MILLIMETERS,9000,,3000,,5,,,1,,,39.25,https://www.southernsteel.com.au/wp-content/uploads/2023/03/Southern-Steel-Supplies-Steel-Reference-Guide-Apr-2023-Rev-4.pdf
6PL 2400x9600 GR350,PLATE,PLAIN_CARBON_STEEL,GR350,NONE,AREA,TRUE,MILLIMETERS,9600,,2400,,6,,,1,,,47.1,https://www.southernsteel.com.au/wp-content/uploads/2023/03/Southern-Steel-Supplies-Steel-Reference-Guide-Apr-2023-Rev-4.pdf
6PL 3000x12000 GR350,PLATE,PLAIN_CARBON_STEEL,GR350,NONE,AREA,TRUE,MILLIMETERS,12000,,3000,,6,,,1,,,47.1,https://www.southernsteel.com.au/wp-content/uploads/2023/03/Southern-Steel-Supplies-Steel-Reference-Guide-Apr-2023-Rev-4.pdf
8PL 2400x9600 GR350,PLATE,PLAIN_CARBON_STEEL,GR350,NONE,AREA,TRUE,MILLIMETERS,9600,,2400,,8,,,1,,,62.8,https://www.southernsteel.com.au/wp-content/uploads/2023/03/Southern-Steel-Supplies-Steel-Reference-Guide-Apr-2023-Rev-4.pdf
8PL 3000x12000 GR350,PLATE,PLAIN_CARBON_STEEL,GR350,NONE,AREA,TRUE,MILLIMETERS,12000,,3000,,8,,,1,,,62.8,https://www.southernsteel.com.au/wp-content/uploads/2023/03/Southern-Steel-Supplies-Steel-Reference-Guide-Apr-2023-Rev-4.pdf
10PL 2400x9600 GR350,PLATE,PLAIN_CARBON_STEEL,GR350,NONE,AREA,TRUE,MILLIMETERS,9600,,2400,,10,,,1,,,78.5,https://www.southernsteel.com.au/wp-content/uploads/2023/03/Southern-Steel-Supplies-Steel-Reference-Guide-Apr-2023-Rev-4.pdf
10PL 3100x9600 GR350,PLATE,PLAIN_CARBON_STEEL,GR350,NONE,AREA,TRUE,MILLIMETERS,9600,,3100,,10,,,1,,,78.5,https://www.southernsteel.com.au/wp-content/uploads/2023/03/Southern-Steel-Supplies-Steel-Reference-Guide-Apr-2023-Rev-4.pdf
10PL 3000x12000 GR350,PLATE,PLAIN_CARBON_STEEL,GR350,NONE,AREA,TRUE,MILLIMETERS,12000,,3000,,10,,,1,,,78.5,https://www.southernsteel.com.au/wp-content/uploads/2023/03/Southern-Steel-Supplies-Steel-Reference-Guide-Apr-2023-Rev-4.pdf
12PL 2400x9600 GR350,PLATE,PLAIN_CARBON_STEEL,GR350,NONE,AREA,TRUE,MILLIMETERS,9600,,2400,,12,,,1,,,94.2,https://www.southernsteel.com.au/wp-content/uploads/2023/03/Southern-Steel-Supplies-Steel-Reference-Guide-Apr-2023-Rev-4.pdf
12PL 3100x9600 GR350,PLATE,PLAIN_CARBON_STEEL,GR350,NONE,AREA,TRUE,MILLIMETERS,9600,,3100,,12,,,1,,,94.2,https://www.southernsteel.com.au/wp-content/uploads/2023/03/Southern-Steel-Supplies-Steel-Reference-Guide-Apr-2023-Rev-4.pdf
12PL 3000x12000 GR350,PLATE,PLAIN_CARBON_STEEL,GR350,NONE,AREA,TRUE,MILLIMETERS,12000,,3000,,12,,,1,,,94.2,https://www.southernsteel.com.au/wp-content/uploads/2023/03/Southern-Steel-Supplies-Steel-Reference-Guide-Apr-2023-Rev-4.pdf
16PL 2400x9600 GR350,PLATE,PLAIN_CARBON_STEEL,GR350,NONE,AREA,TRUE,MILLIMETERS,9600,,2400,,16,,,1,,,125.6,https://www.southernsteel.com.au/wp-content/uploads/2023/03/Southern-Steel-Supplies-Steel-Reference-Guide-Apr-2023-Rev-4.pdf
16PL 3100x9600 GR350,PLATE,PLAIN_CARBON_STEEL,GR350,NONE,AREA,TRUE,MILLIMETERS,9600,,3100,,16,,,1,,,125.6,https://www.southernsteel.com.au/wp-content/uploads/2023/03/Southern-Steel-Supplies-Steel-Reference-Guide-Apr-2023-Rev-4.pdf
16PL 3000x12000 GR350,PLATE,PLAIN_CARBON_STEEL,GR350,NONE,AREA,TRUE,MILLIMETERS,12000,,3000,,16,,,1,,,125.6,https://www.southernsteel.com.au/wp-content/uploads/2023/03/Southern-Steel-Supplies-Steel-Reference-Guide-Apr-2023-Rev-4.pdf
20PL 2400x9600 GR350,PLATE,PLAIN_CARBON_STEEL,GR350,NONE,AREA,TRUE,MILLIMETERS,9600,,2400,,20,,,1,,,157,https://www.southernsteel.com.au/wp-content/uploads/2023/03/Southern-Steel-Supplies-Steel-Reference-Guide-Apr-2023-Rev-4.pdf
20PL 3100x9600 GR350,PLATE,PLAIN_CARBON_STEEL,GR350,NONE,AREA,TRUE,MILLIMETERS,9600,,3100,,20,,,1,,,157,https://www.southernsteel.com.au/wp-content/uploads/2023/03/Southern-Steel-Supplies-Steel-Reference-Guide-Apr-2023-Rev-4.pdf
20PL 3000x12000 GR350,PLATE,PLAIN_CARBON_STEEL,GR350,NONE,AREA,TRUE,MILLIMETERS,12000,,3000,,20,,,1,,,157,https://www.southernsteel.com.au/wp-content/uploads/2023/03/Southern-Steel-Supplies-Steel-Reference-Guide-Apr-2023-Rev-4.pdf
25PL 2400x9600 GR350,PLATE,PLAIN_CARBON_STEEL,GR350,NONE,AREA,TRUE,MILLIMETERS,9600,,2400,,25,,,1,,,196.25,https://www.southernsteel.com.au/wp-content/uploads/2023/03/Southern-Steel-Supplies-Steel-Reference-Guide-Apr-2023-Rev-4.pdf
25PL 3000x12000 GR350,PLATE,PLAIN_CARBON_STEEL,GR350,NONE,AREA,TRUE,MILLIMETERS,12000,,3000,,25,,,1,,,196.25,https://www.southernsteel.com.au/wp-content/uploads/2023/03/Southern-Steel-Supplies-Steel-Reference-Guide-Apr-2023-Rev-4.pdf
28PL 2400x10000 GR350,PLATE,PLAIN_CARBON_STEEL,GR350,NONE,AREA,TRUE,MILLIMETERS,10000,,2400,,28,,,1,,,219.8,https://www.southernsteel.com.au/wp-content/uploads/2023/03/Southern-Steel-Supplies-Steel-Reference-Guide-Apr-2023-Rev-4.pdf
32PL 2400x9600 GR350,PLATE,PLAIN_CARBON_STEEL,GR350,NONE,AREA,TRUE,MILLIMETERS,9600,,2400,,32,,,1,,,251.2,https://www.southernsteel.com.au/wp-content/uploads/2023/03/Southern-Steel-Supplies-Steel-Reference-Guide-Apr-2023-Rev-4.pdf
32PL 2400x12000 GR350,PLATE,PLAIN_CARBON_STEEL,GR350,NONE,AREA,TRUE,MILLIMETERS,12000,,2400,,32,,,1,,,251.2,https://www.southernsteel.com.au/wp-content/uploads/2023/03/Southern-Steel-Supplies-Steel-Reference-Guide-Apr-2023-Rev-4.pdf
36PL 2400x9600 GR350,PLATE,PLAIN_CARBON_STEEL,GR350,NONE,AREA,TRUE,MILLIMETERS,9600,,2400,,36,,,1,,,282.6,https://www.southernsteel.com.au/wp-content/uploads/2023/03/Southern-Steel-Supplies-Steel-Reference-Guide-Apr-2023-Rev-4.pdf
40PL 2400x7600 GR350,PLATE,PLAIN_CARBON_STEEL,GR350,NONE,AREA,TRUE,MILLIMETERS,7600,,2400,,40,,,1,,,314,https://www.southernsteel.com.au/wp-content/uploads/2023/03/Southern-Steel-Supplies-Steel-Reference-Guide-Apr-2023-Rev-4.pdf
50PL 2400x7600 GR350,PLATE,PLAIN_CARBON_STEEL,GR350,NONE,AREA,TRUE,MILLIMETERS,7600,,2400,,50,,,1,,,392.5,https://www.southernsteel.com.au/wp-content/uploads/2023/03/Southern-Steel-Supplies-Steel-Reference-Guide-Apr-2023-Rev-4.pdf
60PL 2400x7600 GR350,PLATE,PLAIN_CARBON_STEEL,GR350,NONE,AREA,TRUE,MILLIMETERS,7600,,2400,,60,,,1,,,471,https://www.southernsteel.com.au/wp-content/uploads/2023/03/Southern-Steel-Supplies-Steel-Reference-Guide-Apr-2023-Rev-4.pdf
70PL 2400x6000 GR350,PLATE,PLAIN_CARBON_STEEL,GR350,NONE,AREA,TRUE,MILLIMETERS,6000,,2400,,70,,,1,,,549.5,https://www.southernsteel.com.au/wp-content/uploads/2023/03/Southern-Steel-Supplies-Steel-Reference-Guide-Apr-2023-Rev-4.pdf
80PL 2400x6000 GR350,PLATE,PLAIN_CARBON_STEEL,GR350,NONE,AREA,TRUE,MILLIMETERS,6000,,2400,,80,,,1,,,628,https://www.southernsteel.com.au/wp-content/uploads/2023/03/Southern-Steel-Supplies-Steel-Reference-Guide-Apr-2023-Rev-4.pdf
90PL 2400x3150 GR350,PLATE,PLAIN_CARBON_STEEL,GR350,NONE,AREA,TRUE,MILLIMETERS,3150,,2400,,90,,,1,,,706.5,https://www.southernsteel.com.au/wp-content/uploads/2023/03/Southern-Steel-Supplies-Steel-Reference-Guide-Apr-2023-Rev-4.pdf
90PL 2400x6300 GR350,PLATE,PLAIN_CARBON_STEEL,GR350,NONE,AREA,TRUE,MILLIMETERS,6300,,2400,,90,,,1,,,706.5,https://www.southernsteel.com.au/wp-content/uploads/2023/03/Southern-Steel-Supplies-Steel-Reference-Guide-Apr-2023-Rev-4.pdf
100PL 2100x3150 GR350,PLATE,PLAIN_CARBON_STEEL,GR350,NONE,AREA,TRUE,MILLIMETERS,3150,,2100,,100,,,1,,,785,https://www.southernsteel.com.au/wp-content/uploads/2023/03/Southern-Steel-Supplies-Steel-Reference-Guide-Apr-2023-Rev-4.pdf
100PL 2100x6500 GR350,PLATE,PLAIN_CARBON_STEEL,GR350,NONE,AREA,TRUE,MILLIMETERS,6500,,2100,,100,,,1,,,785,https://www.southernsteel.com.au/wp-content/uploads/2023/03/Southern-Steel-Supplies-Steel-Reference-Guide-Apr-2023-Rev-4.pdf
,,,,,,,,,,,,,,,,,,,
,,,,,,,,,,,,,,,,,,1.75,
,,,,,,,,,,,,,,,,,,,
M8 HAS 5.8 anchor rod,ANCHOR_STUD,PLAIN_CARBON_STEEL,GR_5_8,ZINC,BUNDLE,FALSE,MILLIMETERS,80,,8,,,,,20,,,,https://www.hilti.com.au/c/CLS_FASTENER_7135/CLS_ANCHOR_RODS_ELEMENTS_7135/r19961314?CHA_GLOBAL_ANC_SIZE=M12&CHA_MATERIAL_COMPOSITION_ANC=Carbon%20Steel%205.8&salespackquantity=20%20pc&activeTab=preconfigured-kits-tabs
M8 HAS 5.8 anchor rod,ANCHOR_STUD,PLAIN_CARBON_STEEL,GR_5_8,ZINC,BUNDLE,FALSE,MILLIMETERS,110,,8,,,,,20,,,,https://www.hilti.com.au/c/CLS_FASTENER_7135/CLS_ANCHOR_RODS_ELEMENTS_7135/r19961314?CHA_GLOBAL_ANC_SIZE=M12&CHA_MATERIAL_COMPOSITION_ANC=Carbon%20Steel%205.8&salespackquantity=20%20pc&activeTab=preconfigured-kits-tabs
M8 HAS 5.8 anchor rod,ANCHOR_STUD,PLAIN_CARBON_STEEL,GR_5_8,ZINC,BUNDLE,FALSE,MILLIMETERS,`50,,8,,,,,20,,,,https://www.hilti.com.au/c/CLS_FASTENER_7135/CLS_ANCHOR_RODS_ELEMENTS_7135/r19961314?CHA_GLOBAL_ANC_SIZE=M12&CHA_MATERIAL_COMPOSITION_ANC=Carbon%20Steel%205.8&salespackquantity=20%20pc&activeTab=preconfigured-kits-tabs
M10 HAS 5.8 anchor rod,ANCHOR_STUD,PLAIN_CARBON_STEEL,GR_5_8,ZINC,BUNDLE,FALSE,MILLIMETERS,115,,10,,,,,20,,,,https://www.hilti.com.au/c/CLS_FASTENER_7135/CLS_ANCHOR_RODS_ELEMENTS_7135/r19961314?CHA_GLOBAL_ANC_SIZE=M12&CHA_MATERIAL_COMPOSITION_ANC=Carbon%20Steel%205.8&salespackquantity=20%20pc&activeTab=preconfigured-kits-tabs
M10 HAS 5.8 anchor rod,ANCHOR_STUD,PLAIN_CARBON_STEEL,GR_5_8,ZINC,BUNDLE,FALSE,MILLIMETERS,130,,10,,,,,20,,,,https://www.hilti.com.au/c/CLS_FASTENER_7135/CLS_ANCHOR_RODS_ELEMENTS_7135/r19961314?CHA_GLOBAL_ANC_SIZE=M12&CHA_MATERIAL_COMPOSITION_ANC=Carbon%20Steel%205.8&salespackquantity=20%20pc&activeTab=preconfigured-kits-tabs
M10 HAS 5.8 anchor rod,ANCHOR_STUD,PLAIN_CARBON_STEEL,GR_5_8,ZINC,BUNDLE,FALSE,MILLIMETERS,150,,10,,,,,20,,,,https://www.hilti.com.au/c/CLS_FASTENER_7135/CLS_ANCHOR_RODS_ELEMENTS_7135/r19961314?CHA_GLOBAL_ANC_SIZE=M12&CHA_MATERIAL_COMPOSITION_ANC=Carbon%20Steel%205.8&salespackquantity=20%20pc&activeTab=preconfigured-kits-tabs
M10 HAS 5.8 anchor rod,ANCHOR_STUD,PLAIN_CARBON_STEEL,GR_5_8,ZINC,BUNDLE,FALSE,MILLIMETERS,170,,10,,,,,20,,,,https://www.hilti.com.au/c/CLS_FASTENER_7135/CLS_ANCHOR_RODS_ELEMENTS_7135/r19961314?CHA_GLOBAL_ANC_SIZE=M12&CHA_MATERIAL_COMPOSITION_ANC=Carbon%20Steel%205.8&salespackquantity=20%20pc&activeTab=preconfigured-kits-tabs
M10 HAS 5.8 anchor rod,ANCHOR_STUD,PLAIN_CARBON_STEEL,GR_5_8,ZINC,BUNDLE,FALSE,MILLIMETERS,190,,10,,,,,20,,,,https://www.hilti.com.au/c/CLS_FASTENER_7135/CLS_ANCHOR_RODS_ELEMENTS_7135/r19961314?CHA_GLOBAL_ANC_SIZE=M12&CHA_MATERIAL_COMPOSITION_ANC=Carbon%20Steel%205.8&salespackquantity=20%20pc&activeTab=preconfigured-kits-tabs
M12 HAS 5.8 anchor rod,ANCHOR_STUD,PLAIN_CARBON_STEEL,GR_5_8,ZINC,BUNDLE,FALSE,MILLIMETERS,120,,12,,,,,20,,,,https://www.hilti.com.au/c/CLS_FASTENER_7135/CLS_ANCHOR_RODS_ELEMENTS_7135/r19961314?CHA_GLOBAL_ANC_SIZE=M12&CHA_MATERIAL_COMPOSITION_ANC=Carbon%20Steel%205.8&salespackquantity=20%20pc&activeTab=preconfigured-kits-tabs
M12 HAS 5.8 anchor rod,ANCHOR_STUD,PLAIN_CARBON_STEEL,GR_5_8,ZINC,BUNDLE,FALSE,MILLIMETERS,160,,12,,,,,20,,,,https://www.hilti.com.au/c/CLS_FASTENER_7135/CLS_ANCHOR_RODS_ELEMENTS_7135/r19961314?CHA_GLOBAL_ANC_SIZE=M12&CHA_MATERIAL_COMPOSITION_ANC=Carbon%20Steel%205.8&salespackquantity=20%20pc&activeTab=preconfigured-kits-tabs
M12 HAS 5.8 anchor rod,ANCHOR_STUD,PLAIN_CARBON_STEEL,GR_5_8,ZINC,BUNDLE,FALSE,MILLIMETERS,180,,12,,,,,20,,,,https://www.hilti.com.au/c/CLS_FASTENER_7135/CLS_ANCHOR_RODS_ELEMENTS_7135/r19961314?CHA_GLOBAL_ANC_SIZE=M12&CHA_MATERIAL_COMPOSITION_ANC=Carbon%20Steel%205.8&salespackquantity=20%20pc&activeTab=preconfigured-kits-tabs
M12 HAS 5.8 anchor rod,ANCHOR_STUD,PLAIN_CARBON_STEEL,GR_5_8,ZINC,BUNDLE,FALSE,MILLIMETERS,200,,12,,,,,20,,,,https://www.hilti.com.au/c/CLS_FASTENER_7135/CLS_ANCHOR_RODS_ELEMENTS_7135/r19961314?CHA_GLOBAL_ANC_SIZE=M12&CHA_MATERIAL_COMPOSITION_ANC=Carbon%20Steel%205.8&salespackquantity=20%20pc&activeTab=preconfigured-kits-tabs
M12 HAS 5.8 anchor rod,ANCHOR_STUD,PLAIN_CARBON_STEEL,GR_5_8,ZINC,BUNDLE,FALSE,MILLIMETERS,220,,12,,,,,20,,,,https://www.hilti.com.au/c/CLS_FASTENER_7135/CLS_ANCHOR_RODS_ELEMENTS_7135/r19961314?CHA_GLOBAL_ANC_SIZE=M12&CHA_MATERIAL_COMPOSITION_ANC=Carbon%20Steel%205.8&salespackquantity=20%20pc&activeTab=preconfigured-kits-tabs
M16 HAS 5.8 anchor rod,ANCHOR_STUD,PLAIN_CARBON_STEEL,GR_5_8,ZINC,BUNDLE,FALSE,MILLIMETERS,150,,16,,,,,20,,,,https://www.hilti.com.au/c/CLS_FASTENER_7135/CLS_ANCHOR_RODS_ELEMENTS_7135/r19961314?CHA_GLOBAL_ANC_SIZE=M12&CHA_MATERIAL_COMPOSITION_ANC=Carbon%20Steel%205.8&salespackquantity=20%20pc&activeTab=preconfigured-kits-tabs
M16 HAS 5.8 anchor rod,ANCHOR_STUD,PLAIN_CARBON_STEEL,GR_5_8,ZINC,BUNDLE,FALSE,MILLIMETERS,190,,16,,,,,20,,,,https://www.hilti.com.au/c/CLS_FASTENER_7135/CLS_ANCHOR_RODS_ELEMENTS_7135/r19961314?CHA_GLOBAL_ANC_SIZE=M12&CHA_MATERIAL_COMPOSITION_ANC=Carbon%20Steel%205.8&salespackquantity=20%20pc&activeTab=preconfigured-kits-tabs
M20 HAS 5.8 anchor rod,ANCHOR_STUD,PLAIN_CARBON_STEEL,GR_5_8,ZINC,BUNDLE,FALSE,MILLIMETERS,180,,20,,,,,10,,,,https://www.hilti.com.au/c/CLS_FASTENER_7135/CLS_ANCHOR_RODS_ELEMENTS_7135/r19961314?CHA_GLOBAL_ANC_SIZE=M12&CHA_MATERIAL_COMPOSITION_ANC=Carbon%20Steel%205.8&salespackquantity=20%20pc&activeTab=preconfigured-kits-tabs
M20 HAS 5.8 anchor rod,ANCHOR_STUD,PLAIN_CARBON_STEEL,GR_5_8,ZINC,BUNDLE,FALSE,MILLIMETERS,260,,20,,,,,10,,,,https://www.hilti.com.au/c/CLS_FASTENER_7135/CLS_ANCHOR_RODS_ELEMENTS_7135/r19961314?CHA_GLOBAL_ANC_SIZE=M12&CHA_MATERIAL_COMPOSITION_ANC=Carbon%20Steel%205.8&salespackquantity=20%20pc&activeTab=preconfigured-kits-tabs
,,,,,,,,,,,,,,,,,,,
M20 D20 ANCHOR ROD 500mm HDG,ANCHOR_STUD,PLAIN_CARBON_STEEL,GR_5_8,GALVANISED,BUNDLE,FALSE,MILLIMETERS,500,,20,,,,,1,,,,
,,,,,,,,,,,,,,,,,,,
M12x1000 Allthread GR4.6 HDG,ALLTHREAD,PLAIN_CARBON_STEEL,GR_4_6,GALVANISED,METERAGE,FALSE,MILLIMETERS,1000,,12,,,,,1,,,,
M16x1000 Allthread GR4.6 HDG,ALLTHREAD,PLAIN_CARBON_STEEL,GR_4_6,GALVANISED,METERAGE,FALSE,MILLIMETERS,1000,,16,,,,,1,,,,
M16x1000 Allthread GR8.8 HDG,ALLTHREAD,PLAIN_CARBON_STEEL,GR_8_8,GALVANISED,METERAGE,FALSE,MILLIMETERS,1000,,16,,,,,1,,,,
,,,,,,,,,,,,,,,,,,,
M16x100 GR4.6 GALVANISED,HEX_BOLT,PLAIN_CARBON_STEEL,GR_4_6,GALVANISED,BUNDLE,FALSE,MILLIMETERS,100,,16,,,,,25,50,100,,
M16x150 GR4.6 GALVANISED,HEX_BOLT,PLAIN_CARBON_STEEL,GR_4_6,GALVANISED,BUNDLE,FALSE,MILLIMETERS,150,,16,,,,,25,50,100,,
,,,,,,,,,,,,,,,,,,,
M12x50 GR4.6 SS316,HEX_BOLT,SS316,GR_4_6,NONE,BUNDLE,FALSE,MILLIMETERS,50,,12,,,,,25,50,100,,
,,,,,,,,,,,,,,,,,,,
M12x30 GR8.8 ZINC,HEX_BOLT,PLAIN_CARBON_STEEL,GR_8_8,ZINC,BUNDLE,FALSE,MILLIMETERS,30,,12,,,,,25,50,100,,
,,,,,,,,,,,,,,,,,,,
M16x45 GR4.6 ZINC,HEX_BOLT,PLAIN_CARBON_STEEL,GR_4_6,ZINC,BUNDLE,FALSE,MILLIMETERS,45,,16,,,,,25,50,100,,
,,,,,,,,,,,,,,,,,,,
M16x100 GR8.8 GALVANISED,HEX_BOLT,PLAIN_CARBON_STEEL,GR_8_8,GALVANISED,BUNDLE,FALSE,MILLIMETERS,100,,16,,,,,25,50,100,,
M16x150 GR8.8 GALVANISED,HEX_BOLT,PLAIN_CARBON_STEEL,GR_8_8,GALVANISED,BUNDLE,FALSE,MILLIMETERS,150,,16,,,,,25,50,100,,
,,,,,,,,,,,,,,,,,,,
,,,,,,,,,,,,,,,,,,,
M20 Nut GR8.8 HDG,NUT,PLAIN_CARBON_STEEL,GR_8_8,GALVANISED,BUNDLE,FALSE,MILLIMETERS,,,20,,,,,25,50,100,,
,,,,,,,,,,,,,,,,,,,
M20x45 CSK GR12.9,CSK_BOLT,PLAIN_CARBON_STEEL,GR_12_9,ZINC,BUNDLE,FALSE,MILLIMETERS,45,,20,,,,,25,50,100,,
,,,,,,,,,,,,,,,,,,,
M12x30 GR8.8 HDG Assembly,HEX_BOLT,PLAIN_CARBON_STEEL,GR_8_8,GALVANISED,BUNDLE,FALSE,MILLIMETERS,30,,12,,,,,200,,,,https://www.allfasteners.com.au/k0-structural-bolt-assembly-as1252-2016-cl8-8
M12x35 GR8.8 HDG Assembly,HEX_BOLT,PLAIN_CARBON_STEEL,GR_8_8,GALVANISED,BUNDLE,FALSE,MILLIMETERS,35,,12,,,,,200,,,,https://www.allfasteners.com.au/k0-structural-bolt-assembly-as1252-2016-cl8-8
M12x40 GR8.8 HDG Assembly,HEX_BOLT,PLAIN_CARBON_STEEL,GR_8_8,GALVANISED,BUNDLE,FALSE,MILLIMETERS,40,,12,,,,,150,,,,https://www.allfasteners.com.au/k0-structural-bolt-assembly-as1252-2016-cl8-8
M12x45 GR8.8 HDG Assembly,HEX_BOLT,PLAIN_CARBON_STEEL,GR_8_8,GALVANISED,BUNDLE,FALSE,MILLIMETERS,45,,12,,,,,150,,,,https://www.allfasteners.com.au/k0-structural-bolt-assembly-as1252-2016-cl8-8
M12x50 GR8.8 HDG Assembly,HEX_BOLT,PLAIN_CARBON_STEEL,GR_8_8,GALVANISED,BUNDLE,FALSE,MILLIMETERS,50,,12,,,,,150,,,,https://www.allfasteners.com.au/k0-structural-bolt-assembly-as1252-2016-cl8-8
M12x55 GR8.8 HDG Assembly,HEX_BOLT,PLAIN_CARBON_STEEL,GR_8_8,GALVANISED,BUNDLE,FALSE,MILLIMETERS,55,,12,,,,,150,,,,https://www.allfasteners.com.au/k0-structural-bolt-assembly-as1252-2016-cl8-8
M12x60 GR8.8 HDG Assembly,HEX_BOLT,PLAIN_CARBON_STEEL,GR_8_8,GALVANISED,BUNDLE,FALSE,MILLIMETERS,60,,12,,,,,150,,,,https://www.allfasteners.com.au/k0-structural-bolt-assembly-as1252-2016-cl8-8
M12x65 GR8.8 HDG Assembly,HEX_BOLT,PLAIN_CARBON_STEEL,GR_8_8,GALVANISED,BUNDLE,FALSE,MILLIMETERS,65,,12,,,,,150,,,,https://www.allfasteners.com.au/k0-structural-bolt-assembly-as1252-2016-cl8-8
M12x70 GR8.8 HDG Assembly,HEX_BOLT,PLAIN_CARBON_STEEL,GR_8_8,GALVANISED,BUNDLE,FALSE,MILLIMETERS,70,,12,,,,,150,,,,https://www.allfasteners.com.au/k0-structural-bolt-assembly-as1252-2016-cl8-8
M12x75 GR8.8 HDG Assembly,HEX_BOLT,PLAIN_CARBON_STEEL,GR_8_8,GALVANISED,BUNDLE,FALSE,MILLIMETERS,75,,12,,,,,150,,,,https://www.allfasteners.com.au/k0-structural-bolt-assembly-as1252-2016-cl8-8
M12x80 GR8.8 HDG Assembly,HEX_BOLT,PLAIN_CARBON_STEEL,GR_8_8,GALVANISED,BUNDLE,FALSE,MILLIMETERS,80,,12,,,,,150,,,,https://www.allfasteners.com.au/k0-structural-bolt-assembly-as1252-2016-cl8-8
M12x90 GR8.8 HDG Assembly,HEX_BOLT,PLAIN_CARBON_STEEL,GR_8_8,GALVANISED,BUNDLE,FALSE,MILLIMETERS,90,,12,,,,,100,,,,https://www.allfasteners.com.au/k0-structural-bolt-assembly-as1252-2016-cl8-8
M12x100 GR8.8 HDG Assembly,HEX_BOLT,PLAIN_CARBON_STEEL,GR_8_8,GALVANISED,BUNDLE,FALSE,MILLIMETERS,100,,12,,,,,100,,,,https://www.allfasteners.com.au/k0-structural-bolt-assembly-as1252-2016-cl8-8
M12x110 GR8.8 HDG Assembly,HEX_BOLT,PLAIN_CARBON_STEEL,GR_8_8,GALVANISED,BUNDLE,FALSE,MILLIMETERS,110,,12,,,,,75,,,,https://www.allfasteners.com.au/k0-structural-bolt-assembly-as1252-2016-cl8-8
M12x120 GR8.8 HDG Assembly,HEX_BOLT,PLAIN_CARBON_STEEL,GR_8_8,GALVANISED,BUNDLE,FALSE,MILLIMETERS,120,,12,,,,,75,,,,https://www.allfasteners.com.au/k0-structural-bolt-assembly-as1252-2016-cl8-8
M12x130 GR8.8 HDG Assembly,HEX_BOLT,PLAIN_CARBON_STEEL,GR_8_8,GALVANISED,BUNDLE,FALSE,MILLIMETERS,130,,12,,,,,75,,,,https://www.allfasteners.com.au/k0-structural-bolt-assembly-as1252-2016-cl8-8
M12x150 GR8.8 HDG Assembly,HEX_BOLT,PLAIN_CARBON_STEEL,GR_8_8,GALVANISED,BUNDLE,FALSE,MILLIMETERS,150,,12,,,,,50,,,,https://www.allfasteners.com.au/k0-structural-bolt-assembly-as1252-2016-cl8-8
M12x180 GR8.8 HDG Assembly,HEX_BOLT,PLAIN_CARBON_STEEL,GR_8_8,GALVANISED,BUNDLE,FALSE,MILLIMETERS,180,,12,,,,,50,,,,https://www.allfasteners.com.au/k0-structural-bolt-assembly-as1252-2016-cl8-8
M12x200 GR8.8 HDG Assembly,HEX_BOLT,PLAIN_CARBON_STEEL,GR_8_8,GALVANISED,BUNDLE,FALSE,MILLIMETERS,200,,12,,,,,50,,,,https://www.allfasteners.com.au/k0-structural-bolt-assembly-as1252-2016-cl8-8
M16x40 GR8.8 HDG Assembly,HEX_BOLT,PLAIN_CARBON_STEEL,GR_8_8,GALVANISED,BUNDLE,FALSE,MILLIMETERS,40,,16,,,,,100,,,,https://www.allfasteners.com.au/k0-structural-bolt-assembly-as1252-2016-cl8-8
M16x50 GR8.8 HDG Assembly,HEX_BOLT,PLAIN_CARBON_STEEL,GR_8_8,GALVANISED,BUNDLE,FALSE,MILLIMETERS,50,,16,,,,,100,,,,https://www.allfasteners.com.au/k0-structural-bolt-assembly-as1252-2016-cl8-8
M16x45 GR8.8 HDG Assembly,HEX_BOLT,PLAIN_CARBON_STEEL,GR_8_8,GALVANISED,BUNDLE,FALSE,MILLIMETERS,45,,16,,,,,100,,,,https://www.allfasteners.com.au/k0-structural-bolt-assembly-as1252-2016-cl8-8
M16x55 GR8.8 HDG Assembly,HEX_BOLT,PLAIN_CARBON_STEEL,GR_8_8,GALVANISED,BUNDLE,FALSE,MILLIMETERS,55,,16,,,,,100,,,,https://www.allfasteners.com.au/k0-structural-bolt-assembly-as1252-2016-cl8-8
M16x60 GR8.8 HDG Assembly,HEX_BOLT,PLAIN_CARBON_STEEL,GR_8_8,GALVANISED,BUNDLE,FALSE,MILLIMETERS,60,,16,,,,,100,,,,https://www.allfasteners.com.au/k0-structural-bolt-assembly-as1252-2016-cl8-8
M16x65 GR8.8 HDG Assembly,HEX_BOLT,PLAIN_CARBON_STEEL,GR_8_8,GALVANISED,BUNDLE,FALSE,MILLIMETERS,65,,16,,,,,75,,,,https://www.allfasteners.com.au/k0-structural-bolt-assembly-as1252-2016-cl8-8
M16x70 GR8.8 HDG Assembly,HEX_BOLT,PLAIN_CARBON_STEEL,GR_8_8,GALVANISED,BUNDLE,FALSE,MILLIMETERS,70,,16,,,,,75,,,,https://www.allfasteners.com.au/k0-structural-bolt-assembly-as1252-2016-cl8-8
M16x75 GR8.8 HDG Assembly,HEX_BOLT,PLAIN_CARBON_STEEL,GR_8_8,GALVANISED,BUNDLE,FALSE,MILLIMETERS,75,,16,,,,,75,,,,https://www.allfasteners.com.au/k0-structural-bolt-assembly-as1252-2016-cl8-8
M16x80 GR8.8 HDG Assembly,HEX_BOLT,PLAIN_CARBON_STEEL,GR_8_8,GALVANISED,BUNDLE,FALSE,MILLIMETERS,80,,16,,,,,75,,,,https://www.allfasteners.com.au/k0-structural-bolt-assembly-as1252-2016-cl8-8
M16x90 GR8.8 HDG Assembly,HEX_BOLT,PLAIN_CARBON_STEEL,GR_8_8,GALVANISED,BUNDLE,FALSE,MILLIMETERS,90,,16,,,,,75,,,,https://www.allfasteners.com.au/k0-structural-bolt-assembly-as1252-2016-cl8-8
M16x100 GR8.8 HDG Assembly,HEX_BOLT,PLAIN_CARBON_STEEL,GR_8_8,GALVANISED,BUNDLE,FALSE,MILLIMETERS,100,,16,,,,,75,,,,https://www.allfasteners.com.au/k0-structural-bolt-assembly-as1252-2016-cl8-8
M16x110 GR8.8 HDG Assembly,HEX_BOLT,PLAIN_CARBON_STEEL,GR_8_8,GALVANISED,BUNDLE,FALSE,MILLIMETERS,110,,16,,,,,60,,,,https://www.allfasteners.com.au/k0-structural-bolt-assembly-as1252-2016-cl8-8
M16x120 GR8.8 HDG Assembly,HEX_BOLT,PLAIN_CARBON_STEEL,GR_8_8,GALVANISED,BUNDLE,FALSE,MILLIMETERS,120,,16,,,,,50,,,,https://www.allfasteners.com.au/k0-structural-bolt-assembly-as1252-2016-cl8-8
M16x130 GR8.8 HDG Assembly,HEX_BOLT,PLAIN_CARBON_STEEL,GR_8_8,GALVANISED,BUNDLE,FALSE,MILLIMETERS,130,,16,,,,,50,,,,https://www.allfasteners.com.au/k0-structural-bolt-assembly-as1252-2016-cl8-8
M16x140 GR8.8 HDG Assembly,HEX_BOLT,PLAIN_CARBON_STEEL,GR_8_8,GALVANISED,BUNDLE,FALSE,MILLIMETERS,140,,16,,,,,50,,,,https://www.allfasteners.com.au/k0-structural-bolt-assembly-as1252-2016-cl8-8
M16x150 GR8.8 HDG Assembly,HEX_BOLT,PLAIN_CARBON_STEEL,GR_8_8,GALVANISED,BUNDLE,FALSE,MILLIMETERS,150,,16,,,,,50,,,,https://www.allfasteners.com.au/k0-structural-bolt-assembly-as1252-2016-cl8-8
M16x160 GR8.8 HDG Assembly,HEX_BOLT,PLAIN_CARBON_STEEL,GR_8_8,GALVANISED,BUNDLE,FALSE,MILLIMETERS,160,,16,,,,,50,,,,https://www.allfasteners.com.au/k0-structural-bolt-assembly-as1252-2016-cl8-8
M16x170 GR8.8 HDG Assembly,HEX_BOLT,PLAIN_CARBON_STEEL,GR_8_8,GALVANISED,BUNDLE,FALSE,MILLIMETERS,170,,16,,,,,50,,,,https://www.allfasteners.com.au/k0-structural-bolt-assembly-as1252-2016-cl8-8
M16x180 GR8.8 HDG Assembly,HEX_BOLT,PLAIN_CARBON_STEEL,GR_8_8,GALVANISED,BUNDLE,FALSE,MILLIMETERS,180,,16,,,,,35,,,,https://www.allfasteners.com.au/k0-structural-bolt-assembly-as1252-2016-cl8-8
M16x190 GR8.8 HDG Assembly,HEX_BOLT,PLAIN_CARBON_STEEL,GR_8_8,GALVANISED,BUNDLE,FALSE,MILLIMETERS,190,,16,,,,,35,,,,https://www.allfasteners.com.au/k0-structural-bolt-assembly-as1252-2016-cl8-8
M16x200 GR8.8 HDG Assembly,HEX_BOLT,PLAIN_CARBON_STEEL,GR_8_8,GALVANISED,BUNDLE,FALSE,MILLIMETERS,200,,16,,,,,35,,,,https://www.allfasteners.com.au/k0-structural-bolt-assembly-as1252-2016-cl8-8
M16x220 GR8.8 HDG Assembly,HEX_BOLT,PLAIN_CARBON_STEEL,GR_8_8,GALVANISED,BUNDLE,FALSE,MILLIMETERS,220,,16,,,,,35,,,,https://www.allfasteners.com.au/k0-structural-bolt-assembly-as1252-2016-cl8-8
M16x240 GR8.8 HDG Assembly,HEX_BOLT,PLAIN_CARBON_STEEL,GR_8_8,GALVANISED,BUNDLE,FALSE,MILLIMETERS,240,,16,,,,,35,,,,https://www.allfasteners.com.au/k0-structural-bolt-assembly-as1252-2016-cl8-8
M16x250 GR8.8 HDG Assembly,HEX_BOLT,PLAIN_CARBON_STEEL,GR_8_8,GALVANISED,BUNDLE,FALSE,MILLIMETERS,250,,16,,,,,35,,,,https://www.allfasteners.com.au/k0-structural-bolt-assembly-as1252-2016-cl8-8
M16x260 GR8.8 HDG Assembly,HEX_BOLT,PLAIN_CARBON_STEEL,GR_8_8,GALVANISED,BUNDLE,FALSE,MILLIMETERS,260,,16,,,,,35,,,,https://www.allfasteners.com.au/k0-structural-bolt-assembly-as1252-2016-cl8-8
M16x270 GR8.8 HDG Assembly,HEX_BOLT,PLAIN_CARBON_STEEL,GR_8_8,GALVANISED,BUNDLE,FALSE,MILLIMETERS,270,,16,,,,,35,,,,https://www.allfasteners.com.au/k0-structural-bolt-assembly-as1252-2016-cl8-8
M16x280 GR8.8 HDG Assembly,HEX_BOLT,PLAIN_CARBON_STEEL,GR_8_8,GALVANISED,BUNDLE,FALSE,MILLIMETERS,280,,16,,,,,25,,,,https://www.allfasteners.com.au/k0-structural-bolt-assembly-as1252-2016-cl8-8
M16x300 GR8.8 HDG Assembly,HEX_BOLT,PLAIN_CARBON_STEEL,GR_8_8,GALVANISED,BUNDLE,FALSE,MILLIMETERS,300,,16,,,,,25,,,,https://www.allfasteners.com.au/k0-structural-bolt-assembly-as1252-2016-cl8-8
M16x350 GR8.8 HDG Assembly,HEX_BOLT,PLAIN_CARBON_STEEL,GR_8_8,GALVANISED,BUNDLE,FALSE,MILLIMETERS,350,,16,,,,,1,,,,https://www.allfasteners.com.au/k0-structural-bolt-assembly-as1252-2016-cl8-8
M16x400 GR8.8 HDG Assembly,HEX_BOLT,PLAIN_CARBON_STEEL,GR_8_8,GALVANISED,BUNDLE,FALSE,MILLIMETERS,400,,16,,,,,1,,,,https://www.allfasteners.com.au/k0-structural-bolt-assembly-as1252-2016-cl8-8
M16x450 GR8.8 HDG Assembly,HEX_BOLT,PLAIN_CARBON_STEEL,GR_8_8,GALVANISED,BUNDLE,FALSE,MILLIMETERS,450,,16,,,,,1,,,,https://www.allfasteners.com.au/k0-structural-bolt-assembly-as1252-2016-cl8-8
M16x500 GR8.8 HDG Assembly,HEX_BOLT,PLAIN_CARBON_STEEL,GR_8_8,GALVANISED,BUNDLE,FALSE,MILLIMETERS,500,,16,,,,,1,,,,https://www.allfasteners.com.au/k0-structural-bolt-assembly-as1252-2016-cl8-8
M16x550 GR8.8 HDG Assembly,HEX_BOLT,PLAIN_CARBON_STEEL,GR_8_8,GALVANISED,BUNDLE,FALSE,MILLIMETERS,550,,16,,,,,1,,,,https://www.allfasteners.com.au/k0-structural-bolt-assembly-as1252-2016-cl8-8
M16x600 GR8.8 HDG Assembly,HEX_BOLT,PLAIN_CARBON_STEEL,GR_8_8,GALVANISED,BUNDLE,FALSE,MILLIMETERS,600,,16,,,,,1,,,,https://www.allfasteners.com.au/k0-structural-bolt-assembly-as1252-2016-cl8-8
M16x650 GR8.8 HDG Assembly,HEX_BOLT,PLAIN_CARBON_STEEL,GR_8_8,GALVANISED,BUNDLE,FALSE,MILLIMETERS,650,,16,,,,,1,,,,https://www.allfasteners.com.au/k0-structural-bolt-assembly-as1252-2016-cl8-8
M16x700 GR8.8 HDG Assembly,HEX_BOLT,PLAIN_CARBON_STEEL,GR_8_8,GALVANISED,BUNDLE,FALSE,MILLIMETERS,700,,16,,,,,1,,,,https://www.allfasteners.com.au/k0-structural-bolt-assembly-as1252-2016-cl8-8
M20x40 GR8.8 HDG Assembly,HEX_BOLT,PLAIN_CARBON_STEEL,GR_8_8,GALVANISED,BUNDLE,FALSE,MILLIMETERS,40,,20,,,,,75,,,,https://www.allfasteners.com.au/k0-structural-bolt-assembly-as1252-2016-cl8-8
M20x45 GR8.8 HDG Assembly,HEX_BOLT,PLAIN_CARBON_STEEL,GR_8_8,GALVANISED,BUNDLE,FALSE,MILLIMETERS,45,,20,,,,,75,,,,https://www.allfasteners.com.au/k0-structural-bolt-assembly-as1252-2016-cl8-8
M20x50 GR8.8 HDG Assembly,HEX_BOLT,PLAIN_CARBON_STEEL,GR_8_8,GALVANISED,BUNDLE,FALSE,MILLIMETERS,50,,20,,,,,50,,,,https://www.allfasteners.com.au/k0-structural-bolt-assembly-as1252-2016-cl8-8
M20x55 GR8.8 HDG Assembly,HEX_BOLT,PLAIN_CARBON_STEEL,GR_8_8,GALVANISED,BUNDLE,FALSE,MILLIMETERS,55,,20,,,,,50,,,,https://www.allfasteners.com.au/k0-structural-bolt-assembly-as1252-2016-cl8-8
M20x60 GR8.8 HDG Assembly,HEX_BOLT,PLAIN_CARBON_STEEL,GR_8_8,GALVANISED,BUNDLE,FALSE,MILLIMETERS,60,,20,,,,,50,,,,https://www.allfasteners.com.au/k0-structural-bolt-assembly-as1252-2016-cl8-8
M20x65 GR8.8 HDG Assembly,HEX_BOLT,PLAIN_CARBON_STEEL,GR_8_8,GALVANISED,BUNDLE,FALSE,MILLIMETERS,65,,20,,,,,50,,,,https://www.allfasteners.com.au/k0-structural-bolt-assembly-as1252-2016-cl8-8
M20x70 GR8.8 HDG Assembly,HEX_BOLT,PLAIN_CARBON_STEEL,GR_8_8,GALVANISED,BUNDLE,FALSE,MILLIMETERS,70,,20,,,,,50,,,,https://www.allfasteners.com.au/k0-structural-bolt-assembly-as1252-2016-cl8-8
M20x75 GR8.8 HDG Assembly,HEX_BOLT,PLAIN_CARBON_STEEL,GR_8_8,GALVANISED,BUNDLE,FALSE,MILLIMETERS,75,,20,,,,,50,,,,https://www.allfasteners.com.au/k0-structural-bolt-assembly-as1252-2016-cl8-8
M20x80 GR8.8 HDG Assembly,HEX_BOLT,PLAIN_CARBON_STEEL,GR_8_8,GALVANISED,BUNDLE,FALSE,MILLIMETERS,80,,20,,,,,50,,,,https://www.allfasteners.com.au/k0-structural-bolt-assembly-as1252-2016-cl8-8
M20x85 GR8.8 HDG Assembly,HEX_BOLT,PLAIN_CARBON_STEEL,GR_8_8,GALVANISED,BUNDLE,FALSE,MILLIMETERS,85,,20,,,,,50,,,,https://www.allfasteners.com.au/k0-structural-bolt-assembly-as1252-2016-cl8-8
M20x90 GR8.8 HDG Assembly,HEX_BOLT,PLAIN_CARBON_STEEL,GR_8_8,GALVANISED,BUNDLE,FALSE,MILLIMETERS,90,,20,,,,,40,,,,https://www.allfasteners.com.au/k0-structural-bolt-assembly-as1252-2016-cl8-8
M20x100 GR8.8 HDG Assembly,HEX_BOLT,PLAIN_CARBON_STEEL,GR_8_8,GALVANISED,BUNDLE,FALSE,MILLIMETERS,100,,20,,,,,40,,,,https://www.allfasteners.com.au/k0-structural-bolt-assembly-as1252-2016-cl8-8
M20x110 GR8.8 HDG Assembly,HEX_BOLT,PLAIN_CARBON_STEEL,GR_8_8,GALVANISED,BUNDLE,FALSE,MILLIMETERS,110,,20,,,,,40,,,,https://www.allfasteners.com.au/k0-structural-bolt-assembly-as1252-2016-cl8-8
M20x120 GR8.8 HDG Assembly,HEX_BOLT,PLAIN_CARBON_STEEL,GR_8_8,GALVANISED,BUNDLE,FALSE,MILLIMETERS,120,,20,,,,,30,,,,https://www.allfasteners.com.au/k0-structural-bolt-assembly-as1252-2016-cl8-8
M20x130 GR8.8 HDG Assembly,HEX_BOLT,PLAIN_CARBON_STEEL,GR_8_8,GALVANISED,BUNDLE,FALSE,MILLIMETERS,130,,20,,,,,30,,,,https://www.allfasteners.com.au/k0-structural-bolt-assembly-as1252-2016-cl8-8
M20x140 GR8.8 HDG Assembly,HEX_BOLT,PLAIN_CARBON_STEEL,GR_8_8,GALVANISED,BUNDLE,FALSE,MILLIMETERS,140,,20,,,,,30,,,,https://www.allfasteners.com.au/k0-structural-bolt-assembly-as1252-2016-cl8-8
M20x150 GR8.8 HDG Assembly,HEX_BOLT,PLAIN_CARBON_STEEL,GR_8_8,GALVANISED,BUNDLE,FALSE,MILLIMETERS,150,,20,,,,,30,,,,https://www.allfasteners.com.au/k0-structural-bolt-assembly-as1252-2016-cl8-8
M20x160 GR8.8 HDG Assembly,HEX_BOLT,PLAIN_CARBON_STEEL,GR_8_8,GALVANISED,BUNDLE,FALSE,MILLIMETERS,160,,20,,,,,30,,,,https://www.allfasteners.com.au/k0-structural-bolt-assembly-as1252-2016-cl8-8
M20x180 GR8.8 HDG Assembly,HEX_BOLT,PLAIN_CARBON_STEEL,GR_8_8,GALVANISED,BUNDLE,FALSE,MILLIMETERS,180,,20,,,,,25,,,,https://www.allfasteners.com.au/k0-structural-bolt-assembly-as1252-2016-cl8-8
M20x190 GR8.8 HDG Assembly,HEX_BOLT,PLAIN_CARBON_STEEL,GR_8_8,GALVANISED,BUNDLE,FALSE,MILLIMETERS,190,,20,,,,,25,,,,https://www.allfasteners.com.au/k0-structural-bolt-assembly-as1252-2016-cl8-8
M20x200 GR8.8 HDG Assembly,HEX_BOLT,PLAIN_CARBON_STEEL,GR_8_8,GALVANISED,BUNDLE,FALSE,MILLIMETERS,200,,20,,,,,25,,,,https://www.allfasteners.com.au/k0-structural-bolt-assembly-as1252-2016-cl8-8
M20x210 GR8.8 HDG Assembly,HEX_BOLT,PLAIN_CARBON_STEEL,GR_8_8,GALVANISED,BUNDLE,FALSE,MILLIMETERS,210,,20,,,,,25,,,,https://www.allfasteners.com.au/k0-structural-bolt-assembly-as1252-2016-cl8-8
M20x220 GR8.8 HDG Assembly,HEX_BOLT,PLAIN_CARBON_STEEL,GR_8_8,GALVANISED,BUNDLE,FALSE,MILLIMETERS,220,,20,,,,,25,,,,https://www.allfasteners.com.au/k0-structural-bolt-assembly-as1252-2016-cl8-8
M20x240 GR8.8 HDG Assembly,HEX_BOLT,PLAIN_CARBON_STEEL,GR_8_8,GALVANISED,BUNDLE,FALSE,MILLIMETERS,240,,20,,,,,20,,,,https://www.allfasteners.com.au/k0-structural-bolt-assembly-as1252-2016-cl8-8
M20x250 GR8.8 HDG Assembly,HEX_BOLT,PLAIN_CARBON_STEEL,GR_8_8,GALVANISED,BUNDLE,FALSE,MILLIMETERS,250,,20,,,,,20,,,,https://www.allfasteners.com.au/k0-structural-bolt-assembly-as1252-2016-cl8-8
M20x260 GR8.8 HDG Assembly,HEX_BOLT,PLAIN_CARBON_STEEL,GR_8_8,GALVANISED,BUNDLE,FALSE,MILLIMETERS,260,,20,,,,,20,,,,https://www.allfasteners.com.au/k0-structural-bolt-assembly-as1252-2016-cl8-8
M20x275 GR8.8 HDG Assembly,HEX_BOLT,PLAIN_CARBON_STEEL,GR_8_8,GALVANISED,BUNDLE,FALSE,MILLIMETERS,275,,20,,,,,20,,,,https://www.allfasteners.com.au/k0-structural-bolt-assembly-as1252-2016-cl8-8
M20x280 GR8.8 HDG Assembly,HEX_BOLT,PLAIN_CARBON_STEEL,GR_8_8,GALVANISED,BUNDLE,FALSE,MILLIMETERS,280,,20,,,,,15,,,,https://www.allfasteners.com.au/k0-structural-bolt-assembly-as1252-2016-cl8-8
M20x300 GR8.8 HDG Assembly,HEX_BOLT,PLAIN_CARBON_STEEL,GR_8_8,GALVANISED,BUNDLE,FALSE,MILLIMETERS,300,,20,,,,,15,,,,https://www.allfasteners.com.au/k0-structural-bolt-assembly-as1252-2016-cl8-8
M20x320 GR8.8 HDG Assembly,HEX_BOLT,PLAIN_CARBON_STEEL,GR_8_8,GALVANISED,BUNDLE,FALSE,MILLIMETERS,320,,20,,,,,15,,,,https://www.allfasteners.com.au/k0-structural-bolt-assembly-as1252-2016-cl8-8
M20x350 GR8.8 HDG Assembly,HEX_BOLT,PLAIN_CARBON_STEEL,GR_8_8,GALVANISED,BUNDLE,FALSE,MILLIMETERS,350,,20,,,,,1,,,,https://www.allfasteners.com.au/k0-structural-bolt-assembly-as1252-2016-cl8-8
M20x375 GR8.8 HDG Assembly,HEX_BOLT,PLAIN_CARBON_STEEL,GR_8_8,GALVANISED,BUNDLE,FALSE,MILLIMETERS,375,,20,,,,,1,,,,https://www.allfasteners.com.au/k0-structural-bolt-assembly-as1252-2016-cl8-8
M20x400 GR8.8 HDG Assembly,HEX_BOLT,PLAIN_CARBON_STEEL,GR_8_8,GALVANISED,BUNDLE,FALSE,MILLIMETERS,400,,20,,,,,1,,,,https://www.allfasteners.com.au/k0-structural-bolt-assembly-as1252-2016-cl8-8
M20x425 GR8.8 HDG Assembly,HEX_BOLT,PLAIN_CARBON_STEEL,GR_8_8,GALVANISED,BUNDLE,FALSE,MILLIMETERS,425,,20,,,,,1,,,,https://www.allfasteners.com.au/k0-structural-bolt-assembly-as1252-2016-cl8-8
M20x450 GR8.8 HDG Assembly,HEX_BOLT,PLAIN_CARBON_STEEL,GR_8_8,GALVANISED,BUNDLE,FALSE,MILLIMETERS,450,,20,,,,,1,,,,https://www.allfasteners.com.au/k0-structural-bolt-assembly-as1252-2016-cl8-8
M20x500 GR8.8 HDG Assembly,HEX_BOLT,PLAIN_CARBON_STEEL,GR_8_8,GALVANISED,BUNDLE,FALSE,MILLIMETERS,500,,20,,,,,1,,,,https://www.allfasteners.com.au/k0-structural-bolt-assembly-as1252-2016-cl8-8
M20x550 GR8.8 HDG Assembly,HEX_BOLT,PLAIN_CARBON_STEEL,GR_8_8,GALVANISED,BUNDLE,FALSE,MILLIMETERS,550,,20,,,,,1,,,,https://www.allfasteners.com.au/k0-structural-bolt-assembly-as1252-2016-cl8-8
M20x600 GR8.8 HDG Assembly,HEX_BOLT,PLAIN_CARBON_STEEL,GR_8_8,GALVANISED,BUNDLE,FALSE,MILLIMETERS,600,,20,,,,,1,,,,https://www.allfasteners.com.au/k0-structural-bolt-assembly-as1252-2016-cl8-8
M20x650 GR8.8 HDG Assembly,HEX_BOLT,PLAIN_CARBON_STEEL,GR_8_8,GALVANISED,BUNDLE,FALSE,MILLIMETERS,650,,20,,,,,1,,,,https://www.allfasteners.com.au/k0-structural-bolt-assembly-as1252-2016-cl8-8
M20x700 GR8.8 HDG Assembly,HEX_BOLT,PLAIN_CARBON_STEEL,GR_8_8,GALVANISED,BUNDLE,FALSE,MILLIMETERS,700,,20,,,,,1,,,,https://www.allfasteners.com.au/k0-structural-bolt-assembly-as1252-2016-cl8-8
M20x800 GR8.8 HDG Assembly,HEX_BOLT,PLAIN_CARBON_STEEL,GR_8_8,GALVANISED,BUNDLE,FALSE,MILLIMETERS,800,,20,,,,,1,,,,https://www.allfasteners.com.au/k0-structural-bolt-assembly-as1252-2016-cl8-8
M22x55 GR8.8 HDG Assembly,HEX_BOLT,PLAIN_CARBON_STEEL,GR_8_8,GALVANISED,BUNDLE,FALSE,MILLIMETERS,55,,22,,,,,30,,,,https://www.allfasteners.com.au/k0-structural-bolt-assembly-as1252-2016-cl8-8
M22x60 GR8.8 HDG Assembly,HEX_BOLT,PLAIN_CARBON_STEEL,GR_8_8,GALVANISED,BUNDLE,FALSE,MILLIMETERS,60,,22,,,,,30,,,,https://www.allfasteners.com.au/k0-structural-bolt-assembly-as1252-2016-cl8-8
M22x65 GR8.8 HDG Assembly,HEX_BOLT,PLAIN_CARBON_STEEL,GR_8_8,GALVANISED,BUNDLE,FALSE,MILLIMETERS,65,,22,,,,,30,,,,https://www.allfasteners.com.au/k0-structural-bolt-assembly-as1252-2016-cl8-8
M22x70 GR8.8 HDG Assembly,HEX_BOLT,PLAIN_CARBON_STEEL,GR_8_8,GALVANISED,BUNDLE,FALSE,MILLIMETERS,70,,22,,,,,30,,,,https://www.allfasteners.com.au/k0-structural-bolt-assembly-as1252-2016-cl8-8
M22x80 GR8.8 HDG Assembly,HEX_BOLT,PLAIN_CARBON_STEEL,GR_8_8,GALVANISED,BUNDLE,FALSE,MILLIMETERS,80,,22,,,,,30,,,,https://www.allfasteners.com.au/k0-structural-bolt-assembly-as1252-2016-cl8-8
M22x90 GR8.8 HDG Assembly,HEX_BOLT,PLAIN_CARBON_STEEL,GR_8_8,GALVANISED,BUNDLE,FALSE,MILLIMETERS,90,,22,,,,,25,,,,https://www.allfasteners.com.au/k0-structural-bolt-assembly-as1252-2016-cl8-8
M22x100 GR8.8 HDG Assembly,HEX_BOLT,PLAIN_CARBON_STEEL,GR_8_8,GALVANISED,BUNDLE,FALSE,MILLIMETERS,100,,22,,,,,25,,,,https://www.allfasteners.com.au/k0-structural-bolt-assembly-as1252-2016-cl8-8
M22x130 GR8.8 HDG Assembly,HEX_BOLT,PLAIN_CARBON_STEEL,GR_8_8,GALVANISED,BUNDLE,FALSE,MILLIMETERS,130,,22,,,,,20,,,,https://www.allfasteners.com.au/k0-structural-bolt-assembly-as1252-2016-cl8-8
M22x150 GR8.8 HDG Assembly,HEX_BOLT,PLAIN_CARBON_STEEL,GR_8_8,GALVANISED,BUNDLE,FALSE,MILLIMETERS,150,,22,,,,,20,,,,https://www.allfasteners.com.au/k0-structural-bolt-assembly-as1252-2016-cl8-8
M22x175 GR8.8 HDG Assembly,HEX_BOLT,PLAIN_CARBON_STEEL,GR_8_8,GALVANISED,BUNDLE,FALSE,MILLIMETERS,175,,22,,,,,15,,,,https://www.allfasteners.com.au/k0-structural-bolt-assembly-as1252-2016-cl8-8
M22x200 GR8.8 HDG Assembly,HEX_BOLT,PLAIN_CARBON_STEEL,GR_8_8,GALVANISED,BUNDLE,FALSE,MILLIMETERS,200,,22,,,,,15,,,,https://www.allfasteners.com.au/k0-structural-bolt-assembly-as1252-2016-cl8-8
M24x70 GR8.8 HDG Assembly,HEX_BOLT,PLAIN_CARBON_STEEL,GR_8_8,GALVANISED,BUNDLE,FALSE,MILLIMETERS,70,,24,,,,,30,,,,https://www.allfasteners.com.au/k0-structural-bolt-assembly-as1252-2016-cl8-8
M24x90 GR8.8 HDG Assembly,HEX_BOLT,PLAIN_CARBON_STEEL,GR_8_8,GALVANISED,BUNDLE,FALSE,MILLIMETERS,90,,24,,,,,25,,,,https://www.allfasteners.com.au/k0-structural-bolt-assembly-as1252-2016-cl8-8
M24x425 GR8.8 HDG Assembly,HEX_BOLT,PLAIN_CARBON_STEEL,GR_8_8,GALVANISED,BUNDLE,FALSE,MILLIMETERS,425,,24,,,,,1,,,,https://www.allfasteners.com.au/k0-structural-bolt-assembly-as1252-2016-cl8-8
M24x50 GR8.8 HDG Assembly,HEX_BOLT,PLAIN_CARBON_STEEL,GR_8_8,GALVANISED,BUNDLE,FALSE,MILLIMETERS,50,,24,,,,,30,,,,https://www.allfasteners.com.au/k0-structural-bolt-assembly-as1252-2016-cl8-8
M24x55 GR8.8 HDG Assembly,HEX_BOLT,PLAIN_CARBON_STEEL,GR_8_8,GALVANISED,BUNDLE,FALSE,MILLIMETERS,55,,24,,,,,30,,,,https://www.allfasteners.com.au/k0-structural-bolt-assembly-as1252-2016-cl8-8
M24x60 GR8.8 HDG Assembly,HEX_BOLT,PLAIN_CARBON_STEEL,GR_8_8,GALVANISED,BUNDLE,FALSE,MILLIMETERS,60,,24,,,,,30,,,,https://www.allfasteners.com.au/k0-structural-bolt-assembly-as1252-2016-cl8-8
M24x65 GR8.8 HDG Assembly,HEX_BOLT,PLAIN_CARBON_STEEL,GR_8_8,GALVANISED,BUNDLE,FALSE,MILLIMETERS,65,,24,,,,,30,,,,https://www.allfasteners.com.au/k0-structural-bolt-assembly-as1252-2016-cl8-8
M24x75 GR8.8 HDG Assembly,HEX_BOLT,PLAIN_CARBON_STEEL,GR_8_8,GALVANISED,BUNDLE,FALSE,MILLIMETERS,75,,24,,,,,30,,,,https://www.allfasteners.com.au/k0-structural-bolt-assembly-as1252-2016-cl8-8
M24x80 GR8.8 HDG Assembly,HEX_BOLT,PLAIN_CARBON_STEEL,GR_8_8,GALVANISED,BUNDLE,FALSE,MILLIMETERS,80,,24,,,,,30,,,,https://www.allfasteners.com.au/k0-structural-bolt-assembly-as1252-2016-cl8-8
M24x100 GR8.8 HDG Assembly,HEX_BOLT,PLAIN_CARBON_STEEL,GR_8_8,GALVANISED,BUNDLE,FALSE,MILLIMETERS,100,,24,,,,,25,,,,https://www.allfasteners.com.au/k0-structural-bolt-assembly-as1252-2016-cl8-8
M24x110 GR8.8 HDG Assembly,HEX_BOLT,PLAIN_CARBON_STEEL,GR_8_8,GALVANISED,BUNDLE,FALSE,MILLIMETERS,110,,24,,,,,20,,,,https://www.allfasteners.com.au/k0-structural-bolt-assembly-as1252-2016-cl8-8
M24x120 GR8.8 HDG Assembly,HEX_BOLT,PLAIN_CARBON_STEEL,GR_8_8,GALVANISED,BUNDLE,FALSE,MILLIMETERS,120,,24,,,,,20,,,,https://www.allfasteners.com.au/k0-structural-bolt-assembly-as1252-2016-cl8-8
M24x130 GR8.8 HDG Assembly,HEX_BOLT,PLAIN_CARBON_STEEL,GR_8_8,GALVANISED,BUNDLE,FALSE,MILLIMETERS,130,,24,,,,,20,,,,https://www.allfasteners.com.au/k0-structural-bolt-assembly-as1252-2016-cl8-8
M24x140 GR8.8 HDG Assembly,HEX_BOLT,PLAIN_CARBON_STEEL,GR_8_8,GALVANISED,BUNDLE,FALSE,MILLIMETERS,140,,24,,,,,20,,,,https://www.allfasteners.com.au/k0-structural-bolt-assembly-as1252-2016-cl8-8
M24x150 GR8.8 HDG Assembly,HEX_BOLT,PLAIN_CARBON_STEEL,GR_8_8,GALVANISED,BUNDLE,FALSE,MILLIMETERS,150,,24,,,,,20,,,,https://www.allfasteners.com.au/k0-structural-bolt-assembly-as1252-2016-cl8-8
M24x160 GR8.8 HDG Assembly,HEX_BOLT,PLAIN_CARBON_STEEL,GR_8_8,GALVANISED,BUNDLE,FALSE,MILLIMETERS,160,,24,,,,,20,,,,https://www.allfasteners.com.au/k0-structural-bolt-assembly-as1252-2016-cl8-8
M24x170 GR8.8 HDG Assembly,HEX_BOLT,PLAIN_CARBON_STEEL,GR_8_8,GALVANISED,BUNDLE,FALSE,MILLIMETERS,170,,24,,,,,20,,,,https://www.allfasteners.com.au/k0-structural-bolt-assembly-as1252-2016-cl8-8
M24x180 GR8.8 HDG Assembly,HEX_BOLT,PLAIN_CARBON_STEEL,GR_8_8,GALVANISED,BUNDLE,FALSE,MILLIMETERS,180,,24,,,,,15,,,,https://www.allfasteners.com.au/k0-structural-bolt-assembly-as1252-2016-cl8-8
M24x200 GR8.8 HDG Assembly,HEX_BOLT,PLAIN_CARBON_STEEL,GR_8_8,GALVANISED,BUNDLE,FALSE,MILLIMETERS,200,,24,,,,,15,,,,https://www.allfasteners.com.au/k0-structural-bolt-assembly-as1252-2016-cl8-8
M24x210 GR8.8 HDG Assembly,HEX_BOLT,PLAIN_CARBON_STEEL,GR_8_8,GALVANISED,BUNDLE,FALSE,MILLIMETERS,210,,24,,,,,15,,,,https://www.allfasteners.com.au/k0-structural-bolt-assembly-as1252-2016-cl8-8
M24x220 GR8.8 HDG Assembly,HEX_BOLT,PLAIN_CARBON_STEEL,GR_8_8,GALVANISED,BUNDLE,FALSE,MILLIMETERS,220,,24,,,,,15,,,,https://www.allfasteners.com.au/k0-structural-bolt-assembly-as1252-2016-cl8-8
M24x230 GR8.8 HDG Assembly,HEX_BOLT,PLAIN_CARBON_STEEL,GR_8_8,GALVANISED,BUNDLE,FALSE,MILLIMETERS,230,,24,,,,,15,,,,https://www.allfasteners.com.au/k0-structural-bolt-assembly-as1252-2016-cl8-8
M24x240 GR8.8 HDG Assembly,HEX_BOLT,PLAIN_CARBON_STEEL,GR_8_8,GALVANISED,BUNDLE,FALSE,MILLIMETERS,240,,24,,,,,15,,,,https://www.allfasteners.com.au/k0-structural-bolt-assembly-as1252-2016-cl8-8
M24x250 GR8.8 HDG Assembly,HEX_BOLT,PLAIN_CARBON_STEEL,GR_8_8,GALVANISED,BUNDLE,FALSE,MILLIMETERS,250,,24,,,,,15,,,,https://www.allfasteners.com.au/k0-structural-bolt-assembly-as1252-2016-cl8-8
M24x260 GR8.8 HDG Assembly,HEX_BOLT,PLAIN_CARBON_STEEL,GR_8_8,GALVANISED,BUNDLE,FALSE,MILLIMETERS,260,,24,,,,,15,,,,https://www.allfasteners.com.au/k0-structural-bolt-assembly-as1252-2016-cl8-8
M24x280 GR8.8 HDG Assembly,HEX_BOLT,PLAIN_CARBON_STEEL,GR_8_8,GALVANISED,BUNDLE,FALSE,MILLIMETERS,280,,24,,,,,15,,,,https://www.allfasteners.com.au/k0-structural-bolt-assembly-as1252-2016-cl8-8
M24x300 GR8.8 HDG Assembly,HEX_BOLT,PLAIN_CARBON_STEEL,GR_8_8,GALVANISED,BUNDLE,FALSE,MILLIMETERS,300,,24,,,,,10,,,,https://www.allfasteners.com.au/k0-structural-bolt-assembly-as1252-2016-cl8-8
M24x330 GR8.8 HDG Assembly,HEX_BOLT,PLAIN_CARBON_STEEL,GR_8_8,GALVANISED,BUNDLE,FALSE,MILLIMETERS,330,,24,,,,,1,,,,https://www.allfasteners.com.au/k0-structural-bolt-assembly-as1252-2016-cl8-8
M24x350 GR8.8 HDG Assembly,HEX_BOLT,PLAIN_CARBON_STEEL,GR_8_8,GALVANISED,BUNDLE,FALSE,MILLIMETERS,350,,24,,,,,1,,,,https://www.allfasteners.com.au/k0-structural-bolt-assembly-as1252-2016-cl8-8
M24x390 GR8.8 HDG Assembly,HEX_BOLT,PLAIN_CARBON_STEEL,GR_8_8,GALVANISED,BUNDLE,FALSE,MILLIMETERS,390,,24,,,,,1,,,,https://www.allfasteners.com.au/k0-structural-bolt-assembly-as1252-2016-cl8-8
M24x400 GR8.8 HDG Assembly,HEX_BOLT,PLAIN_CARBON_STEEL,GR_8_8,GALVANISED,BUNDLE,FALSE,MILLIMETERS,400,,24,,,,,1,,,,https://www.allfasteners.com.au/k0-structural-bolt-assembly-as1252-2016-cl8-8
M24x415 GR8.8 HDG Assembly,HEX_BOLT,PLAIN_CARBON_STEEL,GR_8_8,GALVANISED,BUNDLE,FALSE,MILLIMETERS,415,,24,,,,,1,,,,https://www.allfasteners.com.au/k0-structural-bolt-assembly-as1252-2016-cl8-8
M24x450 GR8.8 HDG Assembly,HEX_BOLT,PLAIN_CARBON_STEEL,GR_8_8,GALVANISED,BUNDLE,FALSE,MILLIMETERS,450,,24,,,,,1,,,,https://www.allfasteners.com.au/k0-structural-bolt-assembly-as1252-2016-cl8-8
M24x475 GR8.8 HDG Assembly,HEX_BOLT,PLAIN_CARBON_STEEL,GR_8_8,GALVANISED,BUNDLE,FALSE,MILLIMETERS,475,,24,,,,,1,,,,https://www.allfasteners.com.au/k0-structural-bolt-assembly-as1252-2016-cl8-8
M24x500 GR8.8 HDG Assembly,HEX_BOLT,PLAIN_CARBON_STEEL,GR_8_8,GALVANISED,BUNDLE,FALSE,MILLIMETERS,500,,24,,,,,1,,,,https://www.allfasteners.com.au/k0-structural-bolt-assembly-as1252-2016-cl8-8
M24x550 GR8.8 HDG Assembly,HEX_BOLT,PLAIN_CARBON_STEEL,GR_8_8,GALVANISED,BUNDLE,FALSE,MILLIMETERS,550,,24,,,,,1,,,,https://www.allfasteners.com.au/k0-structural-bolt-assembly-as1252-2016-cl8-8
M24x600 GR8.8 HDG Assembly,HEX_BOLT,PLAIN_CARBON_STEEL,GR_8_8,GALVANISED,BUNDLE,FALSE,MILLIMETERS,600,,24,,,,,1,,,,https://www.allfasteners.com.au/k0-structural-bolt-assembly-as1252-2016-cl8-8
M24x650 GR8.8 HDG Assembly,HEX_BOLT,PLAIN_CARBON_STEEL,GR_8_8,GALVANISED,BUNDLE,FALSE,MILLIMETERS,650,,24,,,,,1,,,,https://www.allfasteners.com.au/k0-structural-bolt-assembly-as1252-2016-cl8-8
M24x700 GR8.8 HDG Assembly,HEX_BOLT,PLAIN_CARBON_STEEL,GR_8_8,GALVANISED,BUNDLE,FALSE,MILLIMETERS,700,,24,,,,,1,,,,https://www.allfasteners.com.au/k0-structural-bolt-assembly-as1252-2016-cl8-8
M24x750 GR8.8 HDG Assembly,HEX_BOLT,PLAIN_CARBON_STEEL,GR_8_8,GALVANISED,BUNDLE,FALSE,MILLIMETERS,750,,24,,,,,1,,,,https://www.allfasteners.com.au/k0-structural-bolt-assembly-as1252-2016-cl8-8
M27x80 GR8.8 HDG Assembly,HEX_BOLT,PLAIN_CARBON_STEEL,GR_8_8,GALVANISED,BUNDLE,FALSE,MILLIMETERS,80,,27,,,,,15,,,,https://www.allfasteners.com.au/k0-structural-bolt-assembly-as1252-2016-cl8-8
M27x95 GR8.8 HDG Assembly,HEX_BOLT,PLAIN_CARBON_STEEL,GR_8_8,GALVANISED,BUNDLE,FALSE,MILLIMETERS,95,,27,,,,,15,,,,https://www.allfasteners.com.au/k0-structural-bolt-assembly-as1252-2016-cl8-8
M27x110 GR8.8 HDG Assembly,HEX_BOLT,PLAIN_CARBON_STEEL,GR_8_8,GALVANISED,BUNDLE,FALSE,MILLIMETERS,110,,27,,,,,10,,,,https://www.allfasteners.com.au/k0-structural-bolt-assembly-as1252-2016-cl8-8
M27x120 GR8.8 HDG Assembly,HEX_BOLT,PLAIN_CARBON_STEEL,GR_8_8,GALVANISED,BUNDLE,FALSE,MILLIMETERS,120,,27,,,,,10,,,,https://www.allfasteners.com.au/k0-structural-bolt-assembly-as1252-2016-cl8-8
M27x130 GR8.8 HDG Assembly,HEX_BOLT,PLAIN_CARBON_STEEL,GR_8_8,GALVANISED,BUNDLE,FALSE,MILLIMETERS,130,,27,,,,,10,,,,https://www.allfasteners.com.au/k0-structural-bolt-assembly-as1252-2016-cl8-8
M27x140 GR8.8 HDG Assembly,HEX_BOLT,PLAIN_CARBON_STEEL,GR_8_8,GALVANISED,BUNDLE,FALSE,MILLIMETERS,140,,27,,,,,10,,,,https://www.allfasteners.com.au/k0-structural-bolt-assembly-as1252-2016-cl8-8
M27x150 GR8.8 HDG Assembly,HEX_BOLT,PLAIN_CARBON_STEEL,GR_8_8,GALVANISED,BUNDLE,FALSE,MILLIMETERS,150,,27,,,,,10,,,,https://www.allfasteners.com.au/k0-structural-bolt-assembly-as1252-2016-cl8-8
M27x175 GR8.8 HDG Assembly,HEX_BOLT,PLAIN_CARBON_STEEL,GR_8_8,GALVANISED,BUNDLE,FALSE,MILLIMETERS,175,,27,,,,,8,,,,https://www.allfasteners.com.au/k0-structural-bolt-assembly-as1252-2016-cl8-8
M27x200 GR8.8 HDG Assembly,HEX_BOLT,PLAIN_CARBON_STEEL,GR_8_8,GALVANISED,BUNDLE,FALSE,MILLIMETERS,200,,27,,,,,8,,,,https://www.allfasteners.com.au/k0-structural-bolt-assembly-as1252-2016-cl8-8
M30x75 GR8.8 HDG Assembly,HEX_BOLT,PLAIN_CARBON_STEEL,GR_8_8,GALVANISED,BUNDLE,FALSE,MILLIMETERS,75,,30,,,,,15,,,,https://www.allfasteners.com.au/k0-structural-bolt-assembly-as1252-2016-cl8-8
M30x80 GR8.8 HDG Assembly,HEX_BOLT,PLAIN_CARBON_STEEL,GR_8_8,GALVANISED,BUNDLE,FALSE,MILLIMETERS,80,,30,,,,,15,,,,https://www.allfasteners.com.au/k0-structural-bolt-assembly-as1252-2016-cl8-8
M30x85 GR8.8 HDG Assembly,HEX_BOLT,PLAIN_CARBON_STEEL,GR_8_8,GALVANISED,BUNDLE,FALSE,MILLIMETERS,85,,30,,,,,15,,,,https://www.allfasteners.com.au/k0-structural-bolt-assembly-as1252-2016-cl8-8
M30x90 GR8.8 HDG Assembly,HEX_BOLT,PLAIN_CARBON_STEEL,GR_8_8,GALVANISED,BUNDLE,FALSE,MILLIMETERS,90,,30,,,,,15,,,,https://www.allfasteners.com.au/k0-structural-bolt-assembly-as1252-2016-cl8-8
M30x100 GR8.8 HDG Assembly,HEX_BOLT,PLAIN_CARBON_STEEL,GR_8_8,GALVANISED,BUNDLE,FALSE,MILLIMETERS,100,,30,,,,,15,,,,https://www.allfasteners.com.au/k0-structural-bolt-assembly-as1252-2016-cl8-8
M30x110 GR8.8 HDG Assembly,HEX_BOLT,PLAIN_CARBON_STEEL,GR_8_8,GALVANISED,BUNDLE,FALSE,MILLIMETERS,110,,30,,,,,10,,,,https://www.allfasteners.com.au/k0-structural-bolt-assembly-as1252-2016-cl8-8
M30x120 GR8.8 HDG Assembly,HEX_BOLT,PLAIN_CARBON_STEEL,GR_8_8,GALVANISED,BUNDLE,FALSE,MILLIMETERS,120,,30,,,,,10,,,,https://www.allfasteners.com.au/k0-structural-bolt-assembly-as1252-2016-cl8-8
M30x130 GR8.8 HDG Assembly,HEX_BOLT,PLAIN_CARBON_STEEL,GR_8_8,GALVANISED,BUNDLE,FALSE,MILLIMETERS,130,,30,,,,,10,,,,https://www.allfasteners.com.au/k0-structural-bolt-assembly-as1252-2016-cl8-8
M30x140 GR8.8 HDG Assembly,HEX_BOLT,PLAIN_CARBON_STEEL,GR_8_8,GALVANISED,BUNDLE,FALSE,MILLIMETERS,140,,30,,,,,10,,,,https://www.allfasteners.com.au/k0-structural-bolt-assembly-as1252-2016-cl8-8
M30x150 GR8.8 HDG Assembly,HEX_BOLT,PLAIN_CARBON_STEEL,GR_8_8,GALVANISED,BUNDLE,FALSE,MILLIMETERS,150,,30,,,,,10,,,,https://www.allfasteners.com.au/k0-structural-bolt-assembly-as1252-2016-cl8-8
M30x160 GR8.8 HDG Assembly,HEX_BOLT,PLAIN_CARBON_STEEL,GR_8_8,GALVANISED,BUNDLE,FALSE,MILLIMETERS,160,,30,,,,,10,,,,https://www.allfasteners.com.au/k0-structural-bolt-assembly-as1252-2016-cl8-8
M30x170 GR8.8 HDG Assembly,HEX_BOLT,PLAIN_CARBON_STEEL,GR_8_8,GALVANISED,BUNDLE,FALSE,MILLIMETERS,170,,30,,,,,10,,,,https://www.allfasteners.com.au/k0-structural-bolt-assembly-as1252-2016-cl8-8
M30x180 GR8.8 HDG Assembly,HEX_BOLT,PLAIN_CARBON_STEEL,GR_8_8,GALVANISED,BUNDLE,FALSE,MILLIMETERS,180,,30,,,,,8,,,,https://www.allfasteners.com.au/k0-structural-bolt-assembly-as1252-2016-cl8-8
M30x190 GR8.8 HDG Assembly,HEX_BOLT,PLAIN_CARBON_STEEL,GR_8_8,GALVANISED,BUNDLE,FALSE,MILLIMETERS,190,,30,,,,,8,,,,https://www.allfasteners.com.au/k0-structural-bolt-assembly-as1252-2016-cl8-8
M30x200 GR8.8 HDG Assembly,HEX_BOLT,PLAIN_CARBON_STEEL,GR_8_8,GALVANISED,BUNDLE,FALSE,MILLIMETERS,200,,30,,,,,8,,,,https://www.allfasteners.com.au/k0-structural-bolt-assembly-as1252-2016-cl8-8
M30x210 GR8.8 HDG Assembly,HEX_BOLT,PLAIN_CARBON_STEEL,GR_8_8,GALVANISED,BUNDLE,FALSE,MILLIMETERS,210,,30,,,,,8,,,,https://www.allfasteners.com.au/k0-structural-bolt-assembly-as1252-2016-cl8-8
M30x220 GR8.8 HDG Assembly,HEX_BOLT,PLAIN_CARBON_STEEL,GR_8_8,GALVANISED,BUNDLE,FALSE,MILLIMETERS,220,,30,,,,,8,,,,https://www.allfasteners.com.au/k0-structural-bolt-assembly-as1252-2016-cl8-8
M30x230 GR8.8 HDG Assembly,HEX_BOLT,PLAIN_CARBON_STEEL,GR_8_8,GALVANISED,BUNDLE,FALSE,MILLIMETERS,230,,30,,,,,8,,,,https://www.allfasteners.com.au/k0-structural-bolt-assembly-as1252-2016-cl8-8
M30x240 GR8.8 HDG Assembly,HEX_BOLT,PLAIN_CARBON_STEEL,GR_8_8,GALVANISED,BUNDLE,FALSE,MILLIMETERS,240,,30,,,,,8,,,,https://www.allfasteners.com.au/k0-structural-bolt-assembly-as1252-2016-cl8-8
M30x260 GR8.8 HDG Assembly,HEX_BOLT,PLAIN_CARBON_STEEL,GR_8_8,GALVANISED,BUNDLE,FALSE,MILLIMETERS,260,,30,,,,,8,,,,https://www.allfasteners.com.au/k0-structural-bolt-assembly-as1252-2016-cl8-8
M30x280 GR8.8 HDG Assembly,HEX_BOLT,PLAIN_CARBON_STEEL,GR_8_8,GALVANISED,BUNDLE,FALSE,MILLIMETERS,280,,30,,,,,8,,,,https://www.allfasteners.com.au/k0-structural-bolt-assembly-as1252-2016-cl8-8
M30x300 GR8.8 HDG Assembly,HEX_BOLT,PLAIN_CARBON_STEEL,GR_8_8,GALVANISED,BUNDLE,FALSE,MILLIMETERS,300,,30,,,,,5,,,,https://www.allfasteners.com.au/k0-structural-bolt-assembly-as1252-2016-cl8-8
M30x350 GR8.8 HDG Assembly,HEX_BOLT,PLAIN_CARBON_STEEL,GR_8_8,GALVANISED,BUNDLE,FALSE,MILLIMETERS,350,,30,,,,,1,,,,https://www.allfasteners.com.au/k0-structural-bolt-assembly-as1252-2016-cl8-8
M30x400 GR8.8 HDG Assembly,HEX_BOLT,PLAIN_CARBON_STEEL,GR_8_8,GALVANISED,BUNDLE,FALSE,MILLIMETERS,400,,30,,,,,1,,,,https://www.allfasteners.com.au/k0-structural-bolt-assembly-as1252-2016-cl8-8
M30x450 GR8.8 HDG Assembly,HEX_BOLT,PLAIN_CARBON_STEEL,GR_8_8,GALVANISED,BUNDLE,FALSE,MILLIMETERS,450,,30,,,,,1,,,,https://www.allfasteners.com.au/k0-structural-bolt-assembly-as1252-2016-cl8-8
M30x460 GR8.8 HDG Assembly,HEX_BOLT,PLAIN_CARBON_STEEL,GR_8_8,GALVANISED,BUNDLE,FALSE,MILLIMETERS,460,,30,,,,,1,,,,https://www.allfasteners.com.au/k0-structural-bolt-assembly-as1252-2016-cl8-8
M30x500 GR8.8 HDG Assembly,HEX_BOLT,PLAIN_CARBON_STEEL,GR_8_8,GALVANISED,BUNDLE,FALSE,MILLIMETERS,500,,30,,,,,1,,,,https://www.allfasteners.com.au/k0-structural-bolt-assembly-as1252-2016-cl8-8
M30x550 GR8.8 HDG Assembly,HEX_BOLT,PLAIN_CARBON_STEEL,GR_8_8,GALVANISED,BUNDLE,FALSE,MILLIMETERS,550,,30,,,,,1,,,,https://www.allfasteners.com.au/k0-structural-bolt-assembly-as1252-2016-cl8-8
M30x600 GR8.8 HDG Assembly,HEX_BOLT,PLAIN_CARBON_STEEL,GR_8_8,GALVANISED,BUNDLE,FALSE,MILLIMETERS,600,,30,,,,,1,,,,https://www.allfasteners.com.au/k0-structural-bolt-assembly-as1252-2016-cl8-8
M30x650 GR8.8 HDG Assembly,HEX_BOLT,PLAIN_CARBON_STEEL,GR_8_8,GALVANISED,BUNDLE,FALSE,MILLIMETERS,650,,30,,,,,1,,,,https://www.allfasteners.com.au/k0-structural-bolt-assembly-as1252-2016-cl8-8
M30x725 GR8.8 HDG Assembly,HEX_BOLT,PLAIN_CARBON_STEEL,GR_8_8,GALVANISED,BUNDLE,FALSE,MILLIMETERS,725,,30,,,,,1,,,,https://www.allfasteners.com.au/k0-structural-bolt-assembly-as1252-2016-cl8-8
M33x130 GR8.8 HDG Assembly,HEX_BOLT,PLAIN_CARBON_STEEL,GR_8_8,GALVANISED,BUNDLE,FALSE,MILLIMETERS,130,,33,,,,,10,,,,https://www.allfasteners.com.au/k0-structural-bolt-assembly-as1252-2016-cl8-8
M33x140 GR8.8 HDG Assembly,HEX_BOLT,PLAIN_CARBON_STEEL,GR_8_8,GALVANISED,BUNDLE,FALSE,MILLIMETERS,140,,33,,,,,10,,,,https://www.allfasteners.com.au/k0-structural-bolt-assembly-as1252-2016-cl8-8
M33x150 GR8.8 HDG Assembly,HEX_BOLT,PLAIN_CARBON_STEEL,GR_8_8,GALVANISED,BUNDLE,FALSE,MILLIMETERS,150,,33,,,,,10,,,,https://www.allfasteners.com.au/k0-structural-bolt-assembly-as1252-2016-cl8-8
M33x175 GR8.8 HDG Assembly,HEX_BOLT,PLAIN_CARBON_STEEL,GR_8_8,GALVANISED,BUNDLE,FALSE,MILLIMETERS,175,,33,,,,,5,,,,https://www.allfasteners.com.au/k0-structural-bolt-assembly-as1252-2016-cl8-8
M33x200 GR8.8 HDG Assembly,HEX_BOLT,PLAIN_CARBON_STEEL,GR_8_8,GALVANISED,BUNDLE,FALSE,MILLIMETERS,200,,33,,,,,5,,,,https://www.allfasteners.com.au/k0-structural-bolt-assembly-as1252-2016-cl8-8
M33x230 GR8.8 HDG Assembly,HEX_BOLT,PLAIN_CARBON_STEEL,GR_8_8,GALVANISED,BUNDLE,FALSE,MILLIMETERS,230,,33,,,,,5,,,,https://www.allfasteners.com.au/k0-structural-bolt-assembly-as1252-2016-cl8-8
M36x90 GR8.8 HDG Assembly,HEX_BOLT,PLAIN_CARBON_STEEL,GR_8_8,GALVANISED,BUNDLE,FALSE,MILLIMETERS,90,,36,,,,,8,,,,https://www.allfasteners.com.au/k0-structural-bolt-assembly-as1252-2016-cl8-8
M36x100 GR8.8 HDG Assembly,HEX_BOLT,PLAIN_CARBON_STEEL,GR_8_8,GALVANISED,BUNDLE,FALSE,MILLIMETERS,100,,36,,,,,8,,,,https://www.allfasteners.com.au/k0-structural-bolt-assembly-as1252-2016-cl8-8
M36x110 GR8.8 HDG Assembly,HEX_BOLT,PLAIN_CARBON_STEEL,GR_8_8,GALVANISED,BUNDLE,FALSE,MILLIMETERS,110,,36,,,,,8,,,,https://www.allfasteners.com.au/k0-structural-bolt-assembly-as1252-2016-cl8-8
M36x120 GR8.8 HDG Assembly,HEX_BOLT,PLAIN_CARBON_STEEL,GR_8_8,GALVANISED,BUNDLE,FALSE,MILLIMETERS,120,,36,,,,,8,,,,https://www.allfasteners.com.au/k0-structural-bolt-assembly-as1252-2016-cl8-8
M36x130 GR8.8 HDG Assembly,HEX_BOLT,PLAIN_CARBON_STEEL,GR_8_8,GALVANISED,BUNDLE,FALSE,MILLIMETERS,130,,36,,,,,8,,,,https://www.allfasteners.com.au/k0-structural-bolt-assembly-as1252-2016-cl8-8
M36x140 GR8.8 HDG Assembly,HEX_BOLT,PLAIN_CARBON_STEEL,GR_8_8,GALVANISED,BUNDLE,FALSE,MILLIMETERS,140,,36,,,,,8,,,,https://www.allfasteners.com.au/k0-structural-bolt-assembly-as1252-2016-cl8-8
M36x150 GR8.8 HDG Assembly,HEX_BOLT,PLAIN_CARBON_STEEL,GR_8_8,GALVANISED,BUNDLE,FALSE,MILLIMETERS,150,,36,,,,,8,,,,https://www.allfasteners.com.au/k0-structural-bolt-assembly-as1252-2016-cl8-8
M36x160 GR8.8 HDG Assembly,HEX_BOLT,PLAIN_CARBON_STEEL,GR_8_8,GALVANISED,BUNDLE,FALSE,MILLIMETERS,160,,36,,,,,5,,,,https://www.allfasteners.com.au/k0-structural-bolt-assembly-as1252-2016-cl8-8
M36x170 GR8.8 HDG Assembly,HEX_BOLT,PLAIN_CARBON_STEEL,GR_8_8,GALVANISED,BUNDLE,FALSE,MILLIMETERS,170,,36,,,,,5,,,,https://www.allfasteners.com.au/k0-structural-bolt-assembly-as1252-2016-cl8-8
M36x180 GR8.8 HDG Assembly,HEX_BOLT,PLAIN_CARBON_STEEL,GR_8_8,GALVANISED,BUNDLE,FALSE,MILLIMETERS,180,,36,,,,,5,,,,https://www.allfasteners.com.au/k0-structural-bolt-assembly-as1252-2016-cl8-8
M36x190 GR8.8 HDG Assembly,HEX_BOLT,PLAIN_CARBON_STEEL,GR_8_8,GALVANISED,BUNDLE,FALSE,MILLIMETERS,190,,36,,,,,5,,,,https://www.allfasteners.com.au/k0-structural-bolt-assembly-as1252-2016-cl8-8
M36x200 GR8.8 HDG Assembly,HEX_BOLT,PLAIN_CARBON_STEEL,GR_8_8,GALVANISED,BUNDLE,FALSE,MILLIMETERS,200,,36,,,,,5,,,,https://www.allfasteners.com.au/k0-structural-bolt-assembly-as1252-2016-cl8-8
M36x220 GR8.8 HDG Assembly,HEX_BOLT,PLAIN_CARBON_STEEL,GR_8_8,GALVANISED,BUNDLE,FALSE,MILLIMETERS,220,,36,,,,,1,,,,https://www.allfasteners.com.au/k0-structural-bolt-assembly-as1252-2016-cl8-8
M36x240 GR8.8 HDG Assembly,HEX_BOLT,PLAIN_CARBON_STEEL,GR_8_8,GALVANISED,BUNDLE,FALSE,MILLIMETERS,240,,36,,,,,1,,,,https://www.allfasteners.com.au/k0-structural-bolt-assembly-as1252-2016-cl8-8
M36x260 GR8.8 HDG Assembly,HEX_BOLT,PLAIN_CARBON_STEEL,GR_8_8,GALVANISED,BUNDLE,FALSE,MILLIMETERS,260,,36,,,,,1,,,,https://www.allfasteners.com.au/k0-structural-bolt-assembly-as1252-2016-cl8-8
M36x280 GR8.8 HDG Assembly,HEX_BOLT,PLAIN_CARBON_STEEL,GR_8_8,GALVANISED,BUNDLE,FALSE,MILLIMETERS,280,,36,,,,,1,,,,https://www.allfasteners.com.au/k0-structural-bolt-assembly-as1252-2016-cl8-8
M36x300 GR8.8 HDG Assembly,HEX_BOLT,PLAIN_CARBON_STEEL,GR_8_8,GALVANISED,BUNDLE,FALSE,MILLIMETERS,300,,36,,,,,1,,,,https://www.allfasteners.com.au/k0-structural-bolt-assembly-as1252-2016-cl8-8
M36x375 GR8.8 HDG Assembly,HEX_BOLT,PLAIN_CARBON_STEEL,GR_8_8,GALVANISED,BUNDLE,FALSE,MILLIMETERS,375,,36,,,,,1,,,,https://www.allfasteners.com.au/k0-structural-bolt-assembly-as1252-2016-cl8-8
M36x400 GR8.8 HDG Assembly,HEX_BOLT,PLAIN_CARBON_STEEL,GR_8_8,GALVANISED,BUNDLE,FALSE,MILLIMETERS,400,,36,,,,,1,,,,https://www.allfasteners.com.au/k0-structural-bolt-assembly-as1252-2016-cl8-8
M36x420 GR8.8 HDG Assembly,HEX_BOLT,PLAIN_CARBON_STEEL,GR_8_8,GALVANISED,BUNDLE,FALSE,MILLIMETERS,420,,36,,,,,1,,,,https://www.allfasteners.com.au/k0-structural-bolt-assembly-as1252-2016-cl8-8
M36x450 GR8.8 HDG Assembly,HEX_BOLT,PLAIN_CARBON_STEEL,GR_8_8,GALVANISED,BUNDLE,FALSE,MILLIMETERS,450,,36,,,,,1,,,,https://www.allfasteners.com.au/k0-structural-bolt-assembly-as1252-2016-cl8-8
M36x470 GR8.8 HDG Assembly,HEX_BOLT,PLAIN_CARBON_STEEL,GR_8_8,GALVANISED,BUNDLE,FALSE,MILLIMETERS,470,,36,,,,,1,,,,https://www.allfasteners.com.au/k0-structural-bolt-assembly-as1252-2016-cl8-8
M36x500 GR8.8 HDG Assembly,HEX_BOLT,PLAIN_CARBON_STEEL,GR_8_8,GALVANISED,BUNDLE,FALSE,MILLIMETERS,500,,36,,,,,1,,,,https://www.allfasteners.com.au/k0-structural-bolt-assembly-as1252-2016-cl8-8
M36x525 GR8.8 HDG Assembly,HEX_BOLT,PLAIN_CARBON_STEEL,GR_8_8,GALVANISED,BUNDLE,FALSE,MILLIMETERS,525,,36,,,,,1,,,,https://www.allfasteners.com.au/k0-structural-bolt-assembly-as1252-2016-cl8-8
M36x600 GR8.8 HDG Assembly,HEX_BOLT,PLAIN_CARBON_STEEL,GR_8_8,GALVANISED,BUNDLE,FALSE,MILLIMETERS,600,,36,,,,,1,,,,https://www.allfasteners.com.au/k0-structural-bolt-assembly-as1252-2016-cl8-8
,,,,,,,,,,,,,,,,,,,
M12x30 GR8.8 ZINC Assembly,HEX_BOLT,PLAIN_CARBON_STEEL,GR_8_8,ZINC,BUNDLE,FALSE,MILLIMETERS,30,,12,,,,,200,,,,https://www.allfasteners.com.au/k0-structural-bolt-assembly-as1252-2016-cl8-8
M12x35 GR8.8 ZINC Assembly,HEX_BOLT,PLAIN_CARBON_STEEL,GR_8_8,ZINC,BUNDLE,FALSE,MILLIMETERS,35,,12,,,,,200,,,,https://www.allfasteners.com.au/k0-structural-bolt-assembly-as1252-2016-cl8-8
M12x40 GR8.8 ZINC Assembly,HEX_BOLT,PLAIN_CARBON_STEEL,GR_8_8,ZINC,BUNDLE,FALSE,MILLIMETERS,40,,12,,,,,150,,,,https://www.allfasteners.com.au/k0-structural-bolt-assembly-as1252-2016-cl8-8
M12x45 GR8.8 ZINC Assembly,HEX_BOLT,PLAIN_CARBON_STEEL,GR_8_8,ZINC,BUNDLE,FALSE,MILLIMETERS,45,,12,,,,,150,,,,https://www.allfasteners.com.au/k0-structural-bolt-assembly-as1252-2016-cl8-8
M12x50 GR8.8 ZINC Assembly,HEX_BOLT,PLAIN_CARBON_STEEL,GR_8_8,ZINC,BUNDLE,FALSE,MILLIMETERS,50,,12,,,,,150,,,,https://www.allfasteners.com.au/k0-structural-bolt-assembly-as1252-2016-cl8-8
M12x55 GR8.8 ZINC Assembly,HEX_BOLT,PLAIN_CARBON_STEEL,GR_8_8,ZINC,BUNDLE,FALSE,MILLIMETERS,55,,12,,,,,150,,,,https://www.allfasteners.com.au/k0-structural-bolt-assembly-as1252-2016-cl8-8
M12x60 GR8.8 ZINC Assembly,HEX_BOLT,PLAIN_CARBON_STEEL,GR_8_8,ZINC,BUNDLE,FALSE,MILLIMETERS,60,,12,,,,,150,,,,https://www.allfasteners.com.au/k0-structural-bolt-assembly-as1252-2016-cl8-8
M12x65 GR8.8 ZINC Assembly,HEX_BOLT,PLAIN_CARBON_STEEL,GR_8_8,ZINC,BUNDLE,FALSE,MILLIMETERS,65,,12,,,,,150,,,,https://www.allfasteners.com.au/k0-structural-bolt-assembly-as1252-2016-cl8-8
M12x70 GR8.8 ZINC Assembly,HEX_BOLT,PLAIN_CARBON_STEEL,GR_8_8,ZINC,BUNDLE,FALSE,MILLIMETERS,70,,12,,,,,150,,,,https://www.allfasteners.com.au/k0-structural-bolt-assembly-as1252-2016-cl8-8
M12x75 GR8.8 ZINC Assembly,HEX_BOLT,PLAIN_CARBON_STEEL,GR_8_8,ZINC,BUNDLE,FALSE,MILLIMETERS,75,,12,,,,,150,,,,https://www.allfasteners.com.au/k0-structural-bolt-assembly-as1252-2016-cl8-8
M12x80 GR8.8 ZINC Assembly,HEX_BOLT,PLAIN_CARBON_STEEL,GR_8_8,ZINC,BUNDLE,FALSE,MILLIMETERS,80,,12,,,,,150,,,,https://www.allfasteners.com.au/k0-structural-bolt-assembly-as1252-2016-cl8-8
M12x90 GR8.8 ZINC Assembly,HEX_BOLT,PLAIN_CARBON_STEEL,GR_8_8,ZINC,BUNDLE,FALSE,MILLIMETERS,90,,12,,,,,100,,,,https://www.allfasteners.com.au/k0-structural-bolt-assembly-as1252-2016-cl8-8
M12x100 GR8.8 ZINC Assembly,HEX_BOLT,PLAIN_CARBON_STEEL,GR_8_8,ZINC,BUNDLE,FALSE,MILLIMETERS,100,,12,,,,,100,,,,https://www.allfasteners.com.au/k0-structural-bolt-assembly-as1252-2016-cl8-8
M12x110 GR8.8 ZINC Assembly,HEX_BOLT,PLAIN_CARBON_STEEL,GR_8_8,ZINC,BUNDLE,FALSE,MILLIMETERS,110,,12,,,,,75,,,,https://www.allfasteners.com.au/k0-structural-bolt-assembly-as1252-2016-cl8-8
M12x120 GR8.8 ZINC Assembly,HEX_BOLT,PLAIN_CARBON_STEEL,GR_8_8,ZINC,BUNDLE,FALSE,MILLIMETERS,120,,12,,,,,75,,,,https://www.allfasteners.com.au/k0-structural-bolt-assembly-as1252-2016-cl8-8
M12x130 GR8.8 ZINC Assembly,HEX_BOLT,PLAIN_CARBON_STEEL,GR_8_8,ZINC,BUNDLE,FALSE,MILLIMETERS,130,,12,,,,,75,,,,https://www.allfasteners.com.au/k0-structural-bolt-assembly-as1252-2016-cl8-8
M12x150 GR8.8 ZINC Assembly,HEX_BOLT,PLAIN_CARBON_STEEL,GR_8_8,ZINC,BUNDLE,FALSE,MILLIMETERS,150,,12,,,,,50,,,,https://www.allfasteners.com.au/k0-structural-bolt-assembly-as1252-2016-cl8-8
M12x180 GR8.8 ZINC Assembly,HEX_BOLT,PLAIN_CARBON_STEEL,GR_8_8,ZINC,BUNDLE,FALSE,MILLIMETERS,180,,12,,,,,50,,,,https://www.allfasteners.com.au/k0-structural-bolt-assembly-as1252-2016-cl8-8
M12x200 GR8.8 ZINC Assembly,HEX_BOLT,PLAIN_CARBON_STEEL,GR_8_8,ZINC,BUNDLE,FALSE,MILLIMETERS,200,,12,,,,,50,,,,https://www.allfasteners.com.au/k0-structural-bolt-assembly-as1252-2016-cl8-8
M16x40 GR8.8 ZINC Assembly,HEX_BOLT,PLAIN_CARBON_STEEL,GR_8_8,ZINC,BUNDLE,FALSE,MILLIMETERS,40,,16,,,,,100,,,,https://www.allfasteners.com.au/k0-structural-bolt-assembly-as1252-2016-cl8-8
M16x50 GR8.8 ZINC Assembly,HEX_BOLT,PLAIN_CARBON_STEEL,GR_8_8,ZINC,BUNDLE,FALSE,MILLIMETERS,50,,16,,,,,100,,,,https://www.allfasteners.com.au/k0-structural-bolt-assembly-as1252-2016-cl8-8
M16x45 GR8.8 ZINC Assembly,HEX_BOLT,PLAIN_CARBON_STEEL,GR_8_8,ZINC,BUNDLE,FALSE,MILLIMETERS,45,,16,,,,,100,,,,https://www.allfasteners.com.au/k0-structural-bolt-assembly-as1252-2016-cl8-8
M16x55 GR8.8 ZINC Assembly,HEX_BOLT,PLAIN_CARBON_STEEL,GR_8_8,ZINC,BUNDLE,FALSE,MILLIMETERS,55,,16,,,,,100,,,,https://www.allfasteners.com.au/k0-structural-bolt-assembly-as1252-2016-cl8-8
M16x60 GR8.8 ZINC Assembly,HEX_BOLT,PLAIN_CARBON_STEEL,GR_8_8,ZINC,BUNDLE,FALSE,MILLIMETERS,60,,16,,,,,100,,,,https://www.allfasteners.com.au/k0-structural-bolt-assembly-as1252-2016-cl8-8
M16x65 GR8.8 ZINC Assembly,HEX_BOLT,PLAIN_CARBON_STEEL,GR_8_8,ZINC,BUNDLE,FALSE,MILLIMETERS,65,,16,,,,,75,,,,https://www.allfasteners.com.au/k0-structural-bolt-assembly-as1252-2016-cl8-8
M16x70 GR8.8 ZINC Assembly,HEX_BOLT,PLAIN_CARBON_STEEL,GR_8_8,ZINC,BUNDLE,FALSE,MILLIMETERS,70,,16,,,,,75,,,,https://www.allfasteners.com.au/k0-structural-bolt-assembly-as1252-2016-cl8-8
M16x75 GR8.8 ZINC Assembly,HEX_BOLT,PLAIN_CARBON_STEEL,GR_8_8,ZINC,BUNDLE,FALSE,MILLIMETERS,75,,16,,,,,75,,,,https://www.allfasteners.com.au/k0-structural-bolt-assembly-as1252-2016-cl8-8
M16x80 GR8.8 ZINC Assembly,HEX_BOLT,PLAIN_CARBON_STEEL,GR_8_8,ZINC,BUNDLE,FALSE,MILLIMETERS,80,,16,,,,,75,,,,https://www.allfasteners.com.au/k0-structural-bolt-assembly-as1252-2016-cl8-8
M16x90 GR8.8 ZINC Assembly,HEX_BOLT,PLAIN_CARBON_STEEL,GR_8_8,ZINC,BUNDLE,FALSE,MILLIMETERS,90,,16,,,,,75,,,,https://www.allfasteners.com.au/k0-structural-bolt-assembly-as1252-2016-cl8-8
M16x100 GR8.8 ZINC Assembly,HEX_BOLT,PLAIN_CARBON_STEEL,GR_8_8,ZINC,BUNDLE,FALSE,MILLIMETERS,100,,16,,,,,75,,,,https://www.allfasteners.com.au/k0-structural-bolt-assembly-as1252-2016-cl8-8
M16x110 GR8.8 ZINC Assembly,HEX_BOLT,PLAIN_CARBON_STEEL,GR_8_8,ZINC,BUNDLE,FALSE,MILLIMETERS,110,,16,,,,,60,,,,https://www.allfasteners.com.au/k0-structural-bolt-assembly-as1252-2016-cl8-8
M16x120 GR8.8 ZINC Assembly,HEX_BOLT,PLAIN_CARBON_STEEL,GR_8_8,ZINC,BUNDLE,FALSE,MILLIMETERS,120,,16,,,,,50,,,,https://www.allfasteners.com.au/k0-structural-bolt-assembly-as1252-2016-cl8-8
M16x130 GR8.8 ZINC Assembly,HEX_BOLT,PLAIN_CARBON_STEEL,GR_8_8,ZINC,BUNDLE,FALSE,MILLIMETERS,130,,16,,,,,50,,,,https://www.allfasteners.com.au/k0-structural-bolt-assembly-as1252-2016-cl8-8
M16x140 GR8.8 ZINC Assembly,HEX_BOLT,PLAIN_CARBON_STEEL,GR_8_8,ZINC,BUNDLE,FALSE,MILLIMETERS,140,,16,,,,,50,,,,https://www.allfasteners.com.au/k0-structural-bolt-assembly-as1252-2016-cl8-8
M16x150 GR8.8 ZINC Assembly,HEX_BOLT,PLAIN_CARBON_STEEL,GR_8_8,ZINC,BUNDLE,FALSE,MILLIMETERS,150,,16,,,,,50,,,,https://www.allfasteners.com.au/k0-structural-bolt-assembly-as1252-2016-cl8-8
M16x160 GR8.8 ZINC Assembly,HEX_BOLT,PLAIN_CARBON_STEEL,GR_8_8,ZINC,BUNDLE,FALSE,MILLIMETERS,160,,16,,,,,50,,,,https://www.allfasteners.com.au/k0-structural-bolt-assembly-as1252-2016-cl8-8
M16x170 GR8.8 ZINC Assembly,HEX_BOLT,PLAIN_CARBON_STEEL,GR_8_8,ZINC,BUNDLE,FALSE,MILLIMETERS,170,,16,,,,,50,,,,https://www.allfasteners.com.au/k0-structural-bolt-assembly-as1252-2016-cl8-8
M16x180 GR8.8 ZINC Assembly,HEX_BOLT,PLAIN_CARBON_STEEL,GR_8_8,ZINC,BUNDLE,FALSE,MILLIMETERS,180,,16,,,,,35,,,,https://www.allfasteners.com.au/k0-structural-bolt-assembly-as1252-2016-cl8-8
M16x190 GR8.8 ZINC Assembly,HEX_BOLT,PLAIN_CARBON_STEEL,GR_8_8,ZINC,BUNDLE,FALSE,MILLIMETERS,190,,16,,,,,35,,,,https://www.allfasteners.com.au/k0-structural-bolt-assembly-as1252-2016-cl8-8
M16x200 GR8.8 ZINC Assembly,HEX_BOLT,PLAIN_CARBON_STEEL,GR_8_8,ZINC,BUNDLE,FALSE,MILLIMETERS,200,,16,,,,,35,,,,https://www.allfasteners.com.au/k0-structural-bolt-assembly-as1252-2016-cl8-8
M16x220 GR8.8 ZINC Assembly,HEX_BOLT,PLAIN_CARBON_STEEL,GR_8_8,ZINC,BUNDLE,FALSE,MILLIMETERS,220,,16,,,,,35,,,,https://www.allfasteners.com.au/k0-structural-bolt-assembly-as1252-2016-cl8-8
M16x240 GR8.8 ZINC Assembly,HEX_BOLT,PLAIN_CARBON_STEEL,GR_8_8,ZINC,BUNDLE,FALSE,MILLIMETERS,240,,16,,,,,35,,,,https://www.allfasteners.com.au/k0-structural-bolt-assembly-as1252-2016-cl8-8
M16x250 GR8.8 ZINC Assembly,HEX_BOLT,PLAIN_CARBON_STEEL,GR_8_8,ZINC,BUNDLE,FALSE,MILLIMETERS,250,,16,,,,,35,,,,https://www.allfasteners.com.au/k0-structural-bolt-assembly-as1252-2016-cl8-8
M16x260 GR8.8 ZINC Assembly,HEX_BOLT,PLAIN_CARBON_STEEL,GR_8_8,ZINC,BUNDLE,FALSE,MILLIMETERS,260,,16,,,,,35,,,,https://www.allfasteners.com.au/k0-structural-bolt-assembly-as1252-2016-cl8-8
M16x270 GR8.8 ZINC Assembly,HEX_BOLT,PLAIN_CARBON_STEEL,GR_8_8,ZINC,BUNDLE,FALSE,MILLIMETERS,270,,16,,,,,35,,,,https://www.allfasteners.com.au/k0-structural-bolt-assembly-as1252-2016-cl8-8
M16x280 GR8.8 ZINC Assembly,HEX_BOLT,PLAIN_CARBON_STEEL,GR_8_8,ZINC,BUNDLE,FALSE,MILLIMETERS,280,,16,,,,,25,,,,https://www.allfasteners.com.au/k0-structural-bolt-assembly-as1252-2016-cl8-8
M16x300 GR8.8 ZINC Assembly,HEX_BOLT,PLAIN_CARBON_STEEL,GR_8_8,ZINC,BUNDLE,FALSE,MILLIMETERS,300,,16,,,,,25,,,,https://www.allfasteners.com.au/k0-structural-bolt-assembly-as1252-2016-cl8-8
M16x350 GR8.8 ZINC Assembly,HEX_BOLT,PLAIN_CARBON_STEEL,GR_8_8,ZINC,BUNDLE,FALSE,MILLIMETERS,350,,16,,,,,1,,,,https://www.allfasteners.com.au/k0-structural-bolt-assembly-as1252-2016-cl8-8
M16x400 GR8.8 ZINC Assembly,HEX_BOLT,PLAIN_CARBON_STEEL,GR_8_8,ZINC,BUNDLE,FALSE,MILLIMETERS,400,,16,,,,,1,,,,https://www.allfasteners.com.au/k0-structural-bolt-assembly-as1252-2016-cl8-8
M16x450 GR8.8 ZINC Assembly,HEX_BOLT,PLAIN_CARBON_STEEL,GR_8_8,ZINC,BUNDLE,FALSE,MILLIMETERS,450,,16,,,,,1,,,,https://www.allfasteners.com.au/k0-structural-bolt-assembly-as1252-2016-cl8-8
M16x500 GR8.8 ZINC Assembly,HEX_BOLT,PLAIN_CARBON_STEEL,GR_8_8,ZINC,BUNDLE,FALSE,MILLIMETERS,500,,16,,,,,1,,,,https://www.allfasteners.com.au/k0-structural-bolt-assembly-as1252-2016-cl8-8
M16x550 GR8.8 ZINC Assembly,HEX_BOLT,PLAIN_CARBON_STEEL,GR_8_8,ZINC,BUNDLE,FALSE,MILLIMETERS,550,,16,,,,,1,,,,https://www.allfasteners.com.au/k0-structural-bolt-assembly-as1252-2016-cl8-8
M16x600 GR8.8 ZINC Assembly,HEX_BOLT,PLAIN_CARBON_STEEL,GR_8_8,ZINC,BUNDLE,FALSE,MILLIMETERS,600,,16,,,,,1,,,,https://www.allfasteners.com.au/k0-structural-bolt-assembly-as1252-2016-cl8-8
M16x650 GR8.8 ZINC Assembly,HEX_BOLT,PLAIN_CARBON_STEEL,GR_8_8,ZINC,BUNDLE,FALSE,MILLIMETERS,650,,16,,,,,1,,,,https://www.allfasteners.com.au/k0-structural-bolt-assembly-as1252-2016-cl8-8
M16x700 GR8.8 ZINC Assembly,HEX_BOLT,PLAIN_CARBON_STEEL,GR_8_8,ZINC,BUNDLE,FALSE,MILLIMETERS,700,,16,,,,,1,,,,https://www.allfasteners.com.au/k0-structural-bolt-assembly-as1252-2016-cl8-8
M20x40 GR8.8 ZINC Assembly,HEX_BOLT,PLAIN_CARBON_STEEL,GR_8_8,ZINC,BUNDLE,FALSE,MILLIMETERS,40,,20,,,,,75,,,,https://www.allfasteners.com.au/k0-structural-bolt-assembly-as1252-2016-cl8-8
M20x45 GR8.8 ZINC Assembly,HEX_BOLT,PLAIN_CARBON_STEEL,GR_8_8,ZINC,BUNDLE,FALSE,MILLIMETERS,45,,20,,,,,75,,,,https://www.allfasteners.com.au/k0-structural-bolt-assembly-as1252-2016-cl8-8
M20x50 GR8.8 ZINC Assembly,HEX_BOLT,PLAIN_CARBON_STEEL,GR_8_8,ZINC,BUNDLE,FALSE,MILLIMETERS,50,,20,,,,,50,,,,https://www.allfasteners.com.au/k0-structural-bolt-assembly-as1252-2016-cl8-8
M20x55 GR8.8 ZINC Assembly,HEX_BOLT,PLAIN_CARBON_STEEL,GR_8_8,ZINC,BUNDLE,FALSE,MILLIMETERS,55,,20,,,,,50,,,,https://www.allfasteners.com.au/k0-structural-bolt-assembly-as1252-2016-cl8-8
M20x60 GR8.8 ZINC Assembly,HEX_BOLT,PLAIN_CARBON_STEEL,GR_8_8,ZINC,BUNDLE,FALSE,MILLIMETERS,60,,20,,,,,50,,,,https://www.allfasteners.com.au/k0-structural-bolt-assembly-as1252-2016-cl8-8
M20x65 GR8.8 ZINC Assembly,HEX_BOLT,PLAIN_CARBON_STEEL,GR_8_8,ZINC,BUNDLE,FALSE,MILLIMETERS,65,,20,,,,,50,,,,https://www.allfasteners.com.au/k0-structural-bolt-assembly-as1252-2016-cl8-8
M20x70 GR8.8 ZINC Assembly,HEX_BOLT,PLAIN_CARBON_STEEL,GR_8_8,ZINC,BUNDLE,FALSE,MILLIMETERS,70,,20,,,,,50,,,,https://www.allfasteners.com.au/k0-structural-bolt-assembly-as1252-2016-cl8-8
M20x75 GR8.8 ZINC Assembly,HEX_BOLT,PLAIN_CARBON_STEEL,GR_8_8,ZINC,BUNDLE,FALSE,MILLIMETERS,75,,20,,,,,50,,,,https://www.allfasteners.com.au/k0-structural-bolt-assembly-as1252-2016-cl8-8
M20x80 GR8.8 ZINC Assembly,HEX_BOLT,PLAIN_CARBON_STEEL,GR_8_8,ZINC,BUNDLE,FALSE,MILLIMETERS,80,,20,,,,,50,,,,https://www.allfasteners.com.au/k0-structural-bolt-assembly-as1252-2016-cl8-8
M20x85 GR8.8 ZINC Assembly,HEX_BOLT,PLAIN_CARBON_STEEL,GR_8_8,ZINC,BUNDLE,FALSE,MILLIMETERS,85,,20,,,,,50,,,,https://www.allfasteners.com.au/k0-structural-bolt-assembly-as1252-2016-cl8-8
M20x90 GR8.8 ZINC Assembly,HEX_BOLT,PLAIN_CARBON_STEEL,GR_8_8,ZINC,BUNDLE,FALSE,MILLIMETERS,90,,20,,,,,40,,,,https://www.allfasteners.com.au/k0-structural-bolt-assembly-as1252-2016-cl8-8
M20x100 GR8.8 ZINC Assembly,HEX_BOLT,PLAIN_CARBON_STEEL,GR_8_8,ZINC,BUNDLE,FALSE,MILLIMETERS,100,,20,,,,,40,,,,https://www.allfasteners.com.au/k0-structural-bolt-assembly-as1252-2016-cl8-8
M20x110 GR8.8 ZINC Assembly,HEX_BOLT,PLAIN_CARBON_STEEL,GR_8_8,ZINC,BUNDLE,FALSE,MILLIMETERS,110,,20,,,,,40,,,,https://www.allfasteners.com.au/k0-structural-bolt-assembly-as1252-2016-cl8-8
M20x120 GR8.8 ZINC Assembly,HEX_BOLT,PLAIN_CARBON_STEEL,GR_8_8,ZINC,BUNDLE,FALSE,MILLIMETERS,120,,20,,,,,30,,,,https://www.allfasteners.com.au/k0-structural-bolt-assembly-as1252-2016-cl8-8
M20x130 GR8.8 ZINC Assembly,HEX_BOLT,PLAIN_CARBON_STEEL,GR_8_8,ZINC,BUNDLE,FALSE,MILLIMETERS,130,,20,,,,,30,,,,https://www.allfasteners.com.au/k0-structural-bolt-assembly-as1252-2016-cl8-8
M20x140 GR8.8 ZINC Assembly,HEX_BOLT,PLAIN_CARBON_STEEL,GR_8_8,ZINC,BUNDLE,FALSE,MILLIMETERS,140,,20,,,,,30,,,,https://www.allfasteners.com.au/k0-structural-bolt-assembly-as1252-2016-cl8-8
M20x150 GR8.8 ZINC Assembly,HEX_BOLT,PLAIN_CARBON_STEEL,GR_8_8,ZINC,BUNDLE,FALSE,MILLIMETERS,150,,20,,,,,30,,,,https://www.allfasteners.com.au/k0-structural-bolt-assembly-as1252-2016-cl8-8
M20x160 GR8.8 ZINC Assembly,HEX_BOLT,PLAIN_CARBON_STEEL,GR_8_8,ZINC,BUNDLE,FALSE,MILLIMETERS,160,,20,,,,,30,,,,https://www.allfasteners.com.au/k0-structural-bolt-assembly-as1252-2016-cl8-8
M20x180 GR8.8 ZINC Assembly,HEX_BOLT,PLAIN_CARBON_STEEL,GR_8_8,ZINC,BUNDLE,FALSE,MILLIMETERS,180,,20,,,,,25,,,,https://www.allfasteners.com.au/k0-structural-bolt-assembly-as1252-2016-cl8-8
M20x190 GR8.8 ZINC Assembly,HEX_BOLT,PLAIN_CARBON_STEEL,GR_8_8,ZINC,BUNDLE,FALSE,MILLIMETERS,190,,20,,,,,25,,,,https://www.allfasteners.com.au/k0-structural-bolt-assembly-as1252-2016-cl8-8
M20x200 GR8.8 ZINC Assembly,HEX_BOLT,PLAIN_CARBON_STEEL,GR_8_8,ZINC,BUNDLE,FALSE,MILLIMETERS,200,,20,,,,,25,,,,https://www.allfasteners.com.au/k0-structural-bolt-assembly-as1252-2016-cl8-8
M20x210 GR8.8 ZINC Assembly,HEX_BOLT,PLAIN_CARBON_STEEL,GR_8_8,ZINC,BUNDLE,FALSE,MILLIMETERS,210,,20,,,,,25,,,,https://www.allfasteners.com.au/k0-structural-bolt-assembly-as1252-2016-cl8-8
M20x220 GR8.8 ZINC Assembly,HEX_BOLT,PLAIN_CARBON_STEEL,GR_8_8,ZINC,BUNDLE,FALSE,MILLIMETERS,220,,20,,,,,25,,,,https://www.allfasteners.com.au/k0-structural-bolt-assembly-as1252-2016-cl8-8
M20x240 GR8.8 ZINC Assembly,HEX_BOLT,PLAIN_CARBON_STEEL,GR_8_8,ZINC,BUNDLE,FALSE,MILLIMETERS,240,,20,,,,,20,,,,https://www.allfasteners.com.au/k0-structural-bolt-assembly-as1252-2016-cl8-8
M20x250 GR8.8 ZINC Assembly,HEX_BOLT,PLAIN_CARBON_STEEL,GR_8_8,ZINC,BUNDLE,FALSE,MILLIMETERS,250,,20,,,,,20,,,,https://www.allfasteners.com.au/k0-structural-bolt-assembly-as1252-2016-cl8-8
M20x260 GR8.8 ZINC Assembly,HEX_BOLT,PLAIN_CARBON_STEEL,GR_8_8,ZINC,BUNDLE,FALSE,MILLIMETERS,260,,20,,,,,20,,,,https://www.allfasteners.com.au/k0-structural-bolt-assembly-as1252-2016-cl8-8
M20x275 GR8.8 ZINC Assembly,HEX_BOLT,PLAIN_CARBON_STEEL,GR_8_8,ZINC,BUNDLE,FALSE,MILLIMETERS,275,,20,,,,,20,,,,https://www.allfasteners.com.au/k0-structural-bolt-assembly-as1252-2016-cl8-8
M20x280 GR8.8 ZINC Assembly,HEX_BOLT,PLAIN_CARBON_STEEL,GR_8_8,ZINC,BUNDLE,FALSE,MILLIMETERS,280,,20,,,,,15,,,,https://www.allfasteners.com.au/k0-structural-bolt-assembly-as1252-2016-cl8-8
M20x300 GR8.8 ZINC Assembly,HEX_BOLT,PLAIN_CARBON_STEEL,GR_8_8,ZINC,BUNDLE,FALSE,MILLIMETERS,300,,20,,,,,15,,,,https://www.allfasteners.com.au/k0-structural-bolt-assembly-as1252-2016-cl8-8
M20x320 GR8.8 ZINC Assembly,HEX_BOLT,PLAIN_CARBON_STEEL,GR_8_8,ZINC,BUNDLE,FALSE,MILLIMETERS,320,,20,,,,,15,,,,https://www.allfasteners.com.au/k0-structural-bolt-assembly-as1252-2016-cl8-8
M20x350 GR8.8 ZINC Assembly,HEX_BOLT,PLAIN_CARBON_STEEL,GR_8_8,ZINC,BUNDLE,FALSE,MILLIMETERS,350,,20,,,,,1,,,,https://www.allfasteners.com.au/k0-structural-bolt-assembly-as1252-2016-cl8-8
M20x375 GR8.8 ZINC Assembly,HEX_BOLT,PLAIN_CARBON_STEEL,GR_8_8,ZINC,BUNDLE,FALSE,MILLIMETERS,375,,20,,,,,1,,,,https://www.allfasteners.com.au/k0-structural-bolt-assembly-as1252-2016-cl8-8
M20x400 GR8.8 ZINC Assembly,HEX_BOLT,PLAIN_CARBON_STEEL,GR_8_8,ZINC,BUNDLE,FALSE,MILLIMETERS,400,,20,,,,,1,,,,https://www.allfasteners.com.au/k0-structural-bolt-assembly-as1252-2016-cl8-8
M20x425 GR8.8 ZINC Assembly,HEX_BOLT,PLAIN_CARBON_STEEL,GR_8_8,ZINC,BUNDLE,FALSE,MILLIMETERS,425,,20,,,,,1,,,,https://www.allfasteners.com.au/k0-structural-bolt-assembly-as1252-2016-cl8-8
M20x450 GR8.8 ZINC Assembly,HEX_BOLT,PLAIN_CARBON_STEEL,GR_8_8,ZINC,BUNDLE,FALSE,MILLIMETERS,450,,20,,,,,1,,,,https://www.allfasteners.com.au/k0-structural-bolt-assembly-as1252-2016-cl8-8
M20x500 GR8.8 ZINC Assembly,HEX_BOLT,PLAIN_CARBON_STEEL,GR_8_8,ZINC,BUNDLE,FALSE,MILLIMETERS,500,,20,,,,,1,,,,https://www.allfasteners.com.au/k0-structural-bolt-assembly-as1252-2016-cl8-8
M20x550 GR8.8 ZINC Assembly,HEX_BOLT,PLAIN_CARBON_STEEL,GR_8_8,ZINC,BUNDLE,FALSE,MILLIMETERS,550,,20,,,,,1,,,,https://www.allfasteners.com.au/k0-structural-bolt-assembly-as1252-2016-cl8-8
M20x600 GR8.8 ZINC Assembly,HEX_BOLT,PLAIN_CARBON_STEEL,GR_8_8,ZINC,BUNDLE,FALSE,MILLIMETERS,600,,20,,,,,1,,,,https://www.allfasteners.com.au/k0-structural-bolt-assembly-as1252-2016-cl8-8
M20x650 GR8.8 ZINC Assembly,HEX_BOLT,PLAIN_CARBON_STEEL,GR_8_8,ZINC,BUNDLE,FALSE,MILLIMETERS,650,,20,,,,,1,,,,https://www.allfasteners.com.au/k0-structural-bolt-assembly-as1252-2016-cl8-8
M20x700 GR8.8 ZINC Assembly,HEX_BOLT,PLAIN_CARBON_STEEL,GR_8_8,ZINC,BUNDLE,FALSE,MILLIMETERS,700,,20,,,,,1,,,,https://www.allfasteners.com.au/k0-structural-bolt-assembly-as1252-2016-cl8-8
M20x800 GR8.8 ZINC Assembly,HEX_BOLT,PLAIN_CARBON_STEEL,GR_8_8,ZINC,BUNDLE,FALSE,MILLIMETERS,800,,20,,,,,1,,,,https://www.allfasteners.com.au/k0-structural-bolt-assembly-as1252-2016-cl8-8
M22x55 GR8.8 ZINC Assembly,HEX_BOLT,PLAIN_CARBON_STEEL,GR_8_8,ZINC,BUNDLE,FALSE,MILLIMETERS,55,,22,,,,,30,,,,https://www.allfasteners.com.au/k0-structural-bolt-assembly-as1252-2016-cl8-8
M22x60 GR8.8 ZINC Assembly,HEX_BOLT,PLAIN_CARBON_STEEL,GR_8_8,ZINC,BUNDLE,FALSE,MILLIMETERS,60,,22,,,,,30,,,,https://www.allfasteners.com.au/k0-structural-bolt-assembly-as1252-2016-cl8-8
M22x65 GR8.8 ZINC Assembly,HEX_BOLT,PLAIN_CARBON_STEEL,GR_8_8,ZINC,BUNDLE,FALSE,MILLIMETERS,65,,22,,,,,30,,,,https://www.allfasteners.com.au/k0-structural-bolt-assembly-as1252-2016-cl8-8
M22x70 GR8.8 ZINC Assembly,HEX_BOLT,PLAIN_CARBON_STEEL,GR_8_8,ZINC,BUNDLE,FALSE,MILLIMETERS,70,,22,,,,,30,,,,https://www.allfasteners.com.au/k0-structural-bolt-assembly-as1252-2016-cl8-8
M22x80 GR8.8 ZINC Assembly,HEX_BOLT,PLAIN_CARBON_STEEL,GR_8_8,ZINC,BUNDLE,FALSE,MILLIMETERS,80,,22,,,,,30,,,,https://www.allfasteners.com.au/k0-structural-bolt-assembly-as1252-2016-cl8-8
M22x90 GR8.8 ZINC Assembly,HEX_BOLT,PLAIN_CARBON_STEEL,GR_8_8,ZINC,BUNDLE,FALSE,MILLIMETERS,90,,22,,,,,25,,,,https://www.allfasteners.com.au/k0-structural-bolt-assembly-as1252-2016-cl8-8
M22x100 GR8.8 ZINC Assembly,HEX_BOLT,PLAIN_CARBON_STEEL,GR_8_8,ZINC,BUNDLE,FALSE,MILLIMETERS,100,,22,,,,,25,,,,https://www.allfasteners.com.au/k0-structural-bolt-assembly-as1252-2016-cl8-8
M22x130 GR8.8 ZINC Assembly,HEX_BOLT,PLAIN_CARBON_STEEL,GR_8_8,ZINC,BUNDLE,FALSE,MILLIMETERS,130,,22,,,,,20,,,,https://www.allfasteners.com.au/k0-structural-bolt-assembly-as1252-2016-cl8-8
M22x150 GR8.8 ZINC Assembly,HEX_BOLT,PLAIN_CARBON_STEEL,GR_8_8,ZINC,BUNDLE,FALSE,MILLIMETERS,150,,22,,,,,20,,,,https://www.allfasteners.com.au/k0-structural-bolt-assembly-as1252-2016-cl8-8
M22x175 GR8.8 ZINC Assembly,HEX_BOLT,PLAIN_CARBON_STEEL,GR_8_8,ZINC,BUNDLE,FALSE,MILLIMETERS,175,,22,,,,,15,,,,https://www.allfasteners.com.au/k0-structural-bolt-assembly-as1252-2016-cl8-8
M22x200 GR8.8 ZINC Assembly,HEX_BOLT,PLAIN_CARBON_STEEL,GR_8_8,ZINC,BUNDLE,FALSE,MILLIMETERS,200,,22,,,,,15,,,,https://www.allfasteners.com.au/k0-structural-bolt-assembly-as1252-2016-cl8-8
M24x70 GR8.8 ZINC Assembly,HEX_BOLT,PLAIN_CARBON_STEEL,GR_8_8,ZINC,BUNDLE,FALSE,MILLIMETERS,70,,24,,,,,30,,,,https://www.allfasteners.com.au/k0-structural-bolt-assembly-as1252-2016-cl8-8
M24x90 GR8.8 ZINC Assembly,HEX_BOLT,PLAIN_CARBON_STEEL,GR_8_8,ZINC,BUNDLE,FALSE,MILLIMETERS,90,,24,,,,,25,,,,https://www.allfasteners.com.au/k0-structural-bolt-assembly-as1252-2016-cl8-8
M24x425 GR8.8 ZINC Assembly,HEX_BOLT,PLAIN_CARBON_STEEL,GR_8_8,ZINC,BUNDLE,FALSE,MILLIMETERS,425,,24,,,,,1,,,,https://www.allfasteners.com.au/k0-structural-bolt-assembly-as1252-2016-cl8-8
M24x50 GR8.8 ZINC Assembly,HEX_BOLT,PLAIN_CARBON_STEEL,GR_8_8,ZINC,BUNDLE,FALSE,MILLIMETERS,50,,24,,,,,30,,,,https://www.allfasteners.com.au/k0-structural-bolt-assembly-as1252-2016-cl8-8
M24x55 GR8.8 ZINC Assembly,HEX_BOLT,PLAIN_CARBON_STEEL,GR_8_8,ZINC,BUNDLE,FALSE,MILLIMETERS,55,,24,,,,,30,,,,https://www.allfasteners.com.au/k0-structural-bolt-assembly-as1252-2016-cl8-8
M24x60 GR8.8 ZINC Assembly,HEX_BOLT,PLAIN_CARBON_STEEL,GR_8_8,ZINC,BUNDLE,FALSE,MILLIMETERS,60,,24,,,,,30,,,,https://www.allfasteners.com.au/k0-structural-bolt-assembly-as1252-2016-cl8-8
M24x65 GR8.8 ZINC Assembly,HEX_BOLT,PLAIN_CARBON_STEEL,GR_8_8,ZINC,BUNDLE,FALSE,MILLIMETERS,65,,24,,,,,30,,,,https://www.allfasteners.com.au/k0-structural-bolt-assembly-as1252-2016-cl8-8
M24x75 GR8.8 ZINC Assembly,HEX_BOLT,PLAIN_CARBON_STEEL,GR_8_8,ZINC,BUNDLE,FALSE,MILLIMETERS,75,,24,,,,,30,,,,https://www.allfasteners.com.au/k0-structural-bolt-assembly-as1252-2016-cl8-8
M24x80 GR8.8 ZINC Assembly,HEX_BOLT,PLAIN_CARBON_STEEL,GR_8_8,ZINC,BUNDLE,FALSE,MILLIMETERS,80,,24,,,,,30,,,,https://www.allfasteners.com.au/k0-structural-bolt-assembly-as1252-2016-cl8-8
M24x100 GR8.8 ZINC Assembly,HEX_BOLT,PLAIN_CARBON_STEEL,GR_8_8,ZINC,BUNDLE,FALSE,MILLIMETERS,100,,24,,,,,25,,,,https://www.allfasteners.com.au/k0-structural-bolt-assembly-as1252-2016-cl8-8
M24x110 GR8.8 ZINC Assembly,HEX_BOLT,PLAIN_CARBON_STEEL,GR_8_8,ZINC,BUNDLE,FALSE,MILLIMETERS,110,,24,,,,,20,,,,https://www.allfasteners.com.au/k0-structural-bolt-assembly-as1252-2016-cl8-8
M24x120 GR8.8 ZINC Assembly,HEX_BOLT,PLAIN_CARBON_STEEL,GR_8_8,ZINC,BUNDLE,FALSE,MILLIMETERS,120,,24,,,,,20,,,,https://www.allfasteners.com.au/k0-structural-bolt-assembly-as1252-2016-cl8-8
M24x130 GR8.8 ZINC Assembly,HEX_BOLT,PLAIN_CARBON_STEEL,GR_8_8,ZINC,BUNDLE,FALSE,MILLIMETERS,130,,24,,,,,20,,,,https://www.allfasteners.com.au/k0-structural-bolt-assembly-as1252-2016-cl8-8
M24x140 GR8.8 ZINC Assembly,HEX_BOLT,PLAIN_CARBON_STEEL,GR_8_8,ZINC,BUNDLE,FALSE,MILLIMETERS,140,,24,,,,,20,,,,https://www.allfasteners.com.au/k0-structural-bolt-assembly-as1252-2016-cl8-8
M24x150 GR8.8 ZINC Assembly,HEX_BOLT,PLAIN_CARBON_STEEL,GR_8_8,ZINC,BUNDLE,FALSE,MILLIMETERS,150,,24,,,,,20,,,,https://www.allfasteners.com.au/k0-structural-bolt-assembly-as1252-2016-cl8-8
M24x160 GR8.8 ZINC Assembly,HEX_BOLT,PLAIN_CARBON_STEEL,GR_8_8,ZINC,BUNDLE,FALSE,MILLIMETERS,160,,24,,,,,20,,,,https://www.allfasteners.com.au/k0-structural-bolt-assembly-as1252-2016-cl8-8
M24x170 GR8.8 ZINC Assembly,HEX_BOLT,PLAIN_CARBON_STEEL,GR_8_8,ZINC,BUNDLE,FALSE,MILLIMETERS,170,,24,,,,,20,,,,https://www.allfasteners.com.au/k0-structural-bolt-assembly-as1252-2016-cl8-8
M24x180 GR8.8 ZINC Assembly,HEX_BOLT,PLAIN_CARBON_STEEL,GR_8_8,ZINC,BUNDLE,FALSE,MILLIMETERS,180,,24,,,,,15,,,,https://www.allfasteners.com.au/k0-structural-bolt-assembly-as1252-2016-cl8-8
M24x200 GR8.8 ZINC Assembly,HEX_BOLT,PLAIN_CARBON_STEEL,GR_8_8,ZINC,BUNDLE,FALSE,MILLIMETERS,200,,24,,,,,15,,,,https://www.allfasteners.com.au/k0-structural-bolt-assembly-as1252-2016-cl8-8
M24x210 GR8.8 ZINC Assembly,HEX_BOLT,PLAIN_CARBON_STEEL,GR_8_8,ZINC,BUNDLE,FALSE,MILLIMETERS,210,,24,,,,,15,,,,https://www.allfasteners.com.au/k0-structural-bolt-assembly-as1252-2016-cl8-8
M24x220 GR8.8 ZINC Assembly,HEX_BOLT,PLAIN_CARBON_STEEL,GR_8_8,ZINC,BUNDLE,FALSE,MILLIMETERS,220,,24,,,,,15,,,,https://www.allfasteners.com.au/k0-structural-bolt-assembly-as1252-2016-cl8-8
M24x230 GR8.8 ZINC Assembly,HEX_BOLT,PLAIN_CARBON_STEEL,GR_8_8,ZINC,BUNDLE,FALSE,MILLIMETERS,230,,24,,,,,15,,,,https://www.allfasteners.com.au/k0-structural-bolt-assembly-as1252-2016-cl8-8
M24x240 GR8.8 ZINC Assembly,HEX_BOLT,PLAIN_CARBON_STEEL,GR_8_8,ZINC,BUNDLE,FALSE,MILLIMETERS,240,,24,,,,,15,,,,https://www.allfasteners.com.au/k0-structural-bolt-assembly-as1252-2016-cl8-8
M24x250 GR8.8 ZINC Assembly,HEX_BOLT,PLAIN_CARBON_STEEL,GR_8_8,ZINC,BUNDLE,FALSE,MILLIMETERS,250,,24,,,,,15,,,,https://www.allfasteners.com.au/k0-structural-bolt-assembly-as1252-2016-cl8-8
M24x260 GR8.8 ZINC Assembly,HEX_BOLT,PLAIN_CARBON_STEEL,GR_8_8,ZINC,BUNDLE,FALSE,MILLIMETERS,260,,24,,,,,15,,,,https://www.allfasteners.com.au/k0-structural-bolt-assembly-as1252-2016-cl8-8
M24x280 GR8.8 ZINC Assembly,HEX_BOLT,PLAIN_CARBON_STEEL,GR_8_8,ZINC,BUNDLE,FALSE,MILLIMETERS,280,,24,,,,,15,,,,https://www.allfasteners.com.au/k0-structural-bolt-assembly-as1252-2016-cl8-8
M24x300 GR8.8 ZINC Assembly,HEX_BOLT,PLAIN_CARBON_STEEL,GR_8_8,ZINC,BUNDLE,FALSE,MILLIMETERS,300,,24,,,,,10,,,,https://www.allfasteners.com.au/k0-structural-bolt-assembly-as1252-2016-cl8-8
M24x330 GR8.8 ZINC Assembly,HEX_BOLT,PLAIN_CARBON_STEEL,GR_8_8,ZINC,BUNDLE,FALSE,MILLIMETERS,330,,24,,,,,1,,,,https://www.allfasteners.com.au/k0-structural-bolt-assembly-as1252-2016-cl8-8
M24x350 GR8.8 ZINC Assembly,HEX_BOLT,PLAIN_CARBON_STEEL,GR_8_8,ZINC,BUNDLE,FALSE,MILLIMETERS,350,,24,,,,,1,,,,https://www.allfasteners.com.au/k0-structural-bolt-assembly-as1252-2016-cl8-8
M24x390 GR8.8 ZINC Assembly,HEX_BOLT,PLAIN_CARBON_STEEL,GR_8_8,ZINC,BUNDLE,FALSE,MILLIMETERS,390,,24,,,,,1,,,,https://www.allfasteners.com.au/k0-structural-bolt-assembly-as1252-2016-cl8-8
M24x400 GR8.8 ZINC Assembly,HEX_BOLT,PLAIN_CARBON_STEEL,GR_8_8,ZINC,BUNDLE,FALSE,MILLIMETERS,400,,24,,,,,1,,,,https://www.allfasteners.com.au/k0-structural-bolt-assembly-as1252-2016-cl8-8
M24x415 GR8.8 ZINC Assembly,HEX_BOLT,PLAIN_CARBON_STEEL,GR_8_8,ZINC,BUNDLE,FALSE,MILLIMETERS,415,,24,,,,,1,,,,https://www.allfasteners.com.au/k0-structural-bolt-assembly-as1252-2016-cl8-8
M24x450 GR8.8 ZINC Assembly,HEX_BOLT,PLAIN_CARBON_STEEL,GR_8_8,ZINC,BUNDLE,FALSE,MILLIMETERS,450,,24,,,,,1,,,,https://www.allfasteners.com.au/k0-structural-bolt-assembly-as1252-2016-cl8-8
M24x475 GR8.8 ZINC Assembly,HEX_BOLT,PLAIN_CARBON_STEEL,GR_8_8,ZINC,BUNDLE,FALSE,MILLIMETERS,475,,24,,,,,1,,,,https://www.allfasteners.com.au/k0-structural-bolt-assembly-as1252-2016-cl8-8
M24x500 GR8.8 ZINC Assembly,HEX_BOLT,PLAIN_CARBON_STEEL,GR_8_8,ZINC,BUNDLE,FALSE,MILLIMETERS,500,,24,,,,,1,,,,https://www.allfasteners.com.au/k0-structural-bolt-assembly-as1252-2016-cl8-8
M24x550 GR8.8 ZINC Assembly,HEX_BOLT,PLAIN_CARBON_STEEL,GR_8_8,ZINC,BUNDLE,FALSE,MILLIMETERS,550,,24,,,,,1,,,,https://www.allfasteners.com.au/k0-structural-bolt-assembly-as1252-2016-cl8-8
M24x600 GR8.8 ZINC Assembly,HEX_BOLT,PLAIN_CARBON_STEEL,GR_8_8,ZINC,BUNDLE,FALSE,MILLIMETERS,600,,24,,,,,1,,,,https://www.allfasteners.com.au/k0-structural-bolt-assembly-as1252-2016-cl8-8
M24x650 GR8.8 ZINC Assembly,HEX_BOLT,PLAIN_CARBON_STEEL,GR_8_8,ZINC,BUNDLE,FALSE,MILLIMETERS,650,,24,,,,,1,,,,https://www.allfasteners.com.au/k0-structural-bolt-assembly-as1252-2016-cl8-8
M24x700 GR8.8 ZINC Assembly,HEX_BOLT,PLAIN_CARBON_STEEL,GR_8_8,ZINC,BUNDLE,FALSE,MILLIMETERS,700,,24,,,,,1,,,,https://www.allfasteners.com.au/k0-structural-bolt-assembly-as1252-2016-cl8-8
M24x750 GR8.8 ZINC Assembly,HEX_BOLT,PLAIN_CARBON_STEEL,GR_8_8,ZINC,BUNDLE,FALSE,MILLIMETERS,750,,24,,,,,1,,,,https://www.allfasteners.com.au/k0-structural-bolt-assembly-as1252-2016-cl8-8
M27x80 GR8.8 ZINC Assembly,HEX_BOLT,PLAIN_CARBON_STEEL,GR_8_8,ZINC,BUNDLE,FALSE,MILLIMETERS,80,,27,,,,,15,,,,https://www.allfasteners.com.au/k0-structural-bolt-assembly-as1252-2016-cl8-8
M27x95 GR8.8 ZINC Assembly,HEX_BOLT,PLAIN_CARBON_STEEL,GR_8_8,ZINC,BUNDLE,FALSE,MILLIMETERS,95,,27,,,,,15,,,,https://www.allfasteners.com.au/k0-structural-bolt-assembly-as1252-2016-cl8-8
M27x110 GR8.8 ZINC Assembly,HEX_BOLT,PLAIN_CARBON_STEEL,GR_8_8,ZINC,BUNDLE,FALSE,MILLIMETERS,110,,27,,,,,10,,,,https://www.allfasteners.com.au/k0-structural-bolt-assembly-as1252-2016-cl8-8
M27x120 GR8.8 ZINC Assembly,HEX_BOLT,PLAIN_CARBON_STEEL,GR_8_8,ZINC,BUNDLE,FALSE,MILLIMETERS,120,,27,,,,,10,,,,https://www.allfasteners.com.au/k0-structural-bolt-assembly-as1252-2016-cl8-8
M27x130 GR8.8 ZINC Assembly,HEX_BOLT,PLAIN_CARBON_STEEL,GR_8_8,ZINC,BUNDLE,FALSE,MILLIMETERS,130,,27,,,,,10,,,,https://www.allfasteners.com.au/k0-structural-bolt-assembly-as1252-2016-cl8-8
M27x140 GR8.8 ZINC Assembly,HEX_BOLT,PLAIN_CARBON_STEEL,GR_8_8,ZINC,BUNDLE,FALSE,MILLIMETERS,140,,27,,,,,10,,,,https://www.allfasteners.com.au/k0-structural-bolt-assembly-as1252-2016-cl8-8
M27x150 GR8.8 ZINC Assembly,HEX_BOLT,PLAIN_CARBON_STEEL,GR_8_8,ZINC,BUNDLE,FALSE,MILLIMETERS,150,,27,,,,,10,,,,https://www.allfasteners.com.au/k0-structural-bolt-assembly-as1252-2016-cl8-8
M27x175 GR8.8 ZINC Assembly,HEX_BOLT,PLAIN_CARBON_STEEL,GR_8_8,ZINC,BUNDLE,FALSE,MILLIMETERS,175,,27,,,,,8,,,,https://www.allfasteners.com.au/k0-structural-bolt-assembly-as1252-2016-cl8-8
M27x200 GR8.8 ZINC Assembly,HEX_BOLT,PLAIN_CARBON_STEEL,GR_8_8,ZINC,BUNDLE,FALSE,MILLIMETERS,200,,27,,,,,8,,,,https://www.allfasteners.com.au/k0-structural-bolt-assembly-as1252-2016-cl8-8
M30x75 GR8.8 ZINC Assembly,HEX_BOLT,PLAIN_CARBON_STEEL,GR_8_8,ZINC,BUNDLE,FALSE,MILLIMETERS,75,,30,,,,,15,,,,https://www.allfasteners.com.au/k0-structural-bolt-assembly-as1252-2016-cl8-8
M30x80 GR8.8 ZINC Assembly,HEX_BOLT,PLAIN_CARBON_STEEL,GR_8_8,ZINC,BUNDLE,FALSE,MILLIMETERS,80,,30,,,,,15,,,,https://www.allfasteners.com.au/k0-structural-bolt-assembly-as1252-2016-cl8-8
M30x85 GR8.8 ZINC Assembly,HEX_BOLT,PLAIN_CARBON_STEEL,GR_8_8,ZINC,BUNDLE,FALSE,MILLIMETERS,85,,30,,,,,15,,,,https://www.allfasteners.com.au/k0-structural-bolt-assembly-as1252-2016-cl8-8
M30x90 GR8.8 ZINC Assembly,HEX_BOLT,PLAIN_CARBON_STEEL,GR_8_8,ZINC,BUNDLE,FALSE,MILLIMETERS,90,,30,,,,,15,,,,https://www.allfasteners.com.au/k0-structural-bolt-assembly-as1252-2016-cl8-8
M30x100 GR8.8 ZINC Assembly,HEX_BOLT,PLAIN_CARBON_STEEL,GR_8_8,ZINC,BUNDLE,FALSE,MILLIMETERS,100,,30,,,,,15,,,,https://www.allfasteners.com.au/k0-structural-bolt-assembly-as1252-2016-cl8-8
M30x110 GR8.8 ZINC Assembly,HEX_BOLT,PLAIN_CARBON_STEEL,GR_8_8,ZINC,BUNDLE,FALSE,MILLIMETERS,110,,30,,,,,10,,,,https://www.allfasteners.com.au/k0-structural-bolt-assembly-as1252-2016-cl8-8
M30x120 GR8.8 ZINC Assembly,HEX_BOLT,PLAIN_CARBON_STEEL,GR_8_8,ZINC,BUNDLE,FALSE,MILLIMETERS,120,,30,,,,,10,,,,https://www.allfasteners.com.au/k0-structural-bolt-assembly-as1252-2016-cl8-8
M30x130 GR8.8 ZINC Assembly,HEX_BOLT,PLAIN_CARBON_STEEL,GR_8_8,ZINC,BUNDLE,FALSE,MILLIMETERS,130,,30,,,,,10,,,,https://www.allfasteners.com.au/k0-structural-bolt-assembly-as1252-2016-cl8-8
M30x140 GR8.8 ZINC Assembly,HEX_BOLT,PLAIN_CARBON_STEEL,GR_8_8,ZINC,BUNDLE,FALSE,MILLIMETERS,140,,30,,,,,10,,,,https://www.allfasteners.com.au/k0-structural-bolt-assembly-as1252-2016-cl8-8
M30x150 GR8.8 ZINC Assembly,HEX_BOLT,PLAIN_CARBON_STEEL,GR_8_8,ZINC,BUNDLE,FALSE,MILLIMETERS,150,,30,,,,,10,,,,https://www.allfasteners.com.au/k0-structural-bolt-assembly-as1252-2016-cl8-8
M30x160 GR8.8 ZINC Assembly,HEX_BOLT,PLAIN_CARBON_STEEL,GR_8_8,ZINC,BUNDLE,FALSE,MILLIMETERS,160,,30,,,,,10,,,,https://www.allfasteners.com.au/k0-structural-bolt-assembly-as1252-2016-cl8-8
M30x170 GR8.8 ZINC Assembly,HEX_BOLT,PLAIN_CARBON_STEEL,GR_8_8,ZINC,BUNDLE,FALSE,MILLIMETERS,170,,30,,,,,10,,,,https://www.allfasteners.com.au/k0-structural-bolt-assembly-as1252-2016-cl8-8
M30x180 GR8.8 ZINC Assembly,HEX_BOLT,PLAIN_CARBON_STEEL,GR_8_8,ZINC,BUNDLE,FALSE,MILLIMETERS,180,,30,,,,,8,,,,https://www.allfasteners.com.au/k0-structural-bolt-assembly-as1252-2016-cl8-8
M30x190 GR8.8 ZINC Assembly,HEX_BOLT,PLAIN_CARBON_STEEL,GR_8_8,ZINC,BUNDLE,FALSE,MILLIMETERS,190,,30,,,,,8,,,,https://www.allfasteners.com.au/k0-structural-bolt-assembly-as1252-2016-cl8-8
M30x200 GR8.8 ZINC Assembly,HEX_BOLT,PLAIN_CARBON_STEEL,GR_8_8,ZINC,BUNDLE,FALSE,MILLIMETERS,200,,30,,,,,8,,,,https://www.allfasteners.com.au/k0-structural-bolt-assembly-as1252-2016-cl8-8
M30x210 GR8.8 ZINC Assembly,HEX_BOLT,PLAIN_CARBON_STEEL,GR_8_8,ZINC,BUNDLE,FALSE,MILLIMETERS,210,,30,,,,,8,,,,https://www.allfasteners.com.au/k0-structural-bolt-assembly-as1252-2016-cl8-8
M30x220 GR8.8 ZINC Assembly,HEX_BOLT,PLAIN_CARBON_STEEL,GR_8_8,ZINC,BUNDLE,FALSE,MILLIMETERS,220,,30,,,,,8,,,,https://www.allfasteners.com.au/k0-structural-bolt-assembly-as1252-2016-cl8-8
M30x230 GR8.8 ZINC Assembly,HEX_BOLT,PLAIN_CARBON_STEEL,GR_8_8,ZINC,BUNDLE,FALSE,MILLIMETERS,230,,30,,,,,8,,,,https://www.allfasteners.com.au/k0-structural-bolt-assembly-as1252-2016-cl8-8
M30x240 GR8.8 ZINC Assembly,HEX_BOLT,PLAIN_CARBON_STEEL,GR_8_8,ZINC,BUNDLE,FALSE,MILLIMETERS,240,,30,,,,,8,,,,https://www.allfasteners.com.au/k0-structural-bolt-assembly-as1252-2016-cl8-8
M30x260 GR8.8 ZINC Assembly,HEX_BOLT,PLAIN_CARBON_STEEL,GR_8_8,ZINC,BUNDLE,FALSE,MILLIMETERS,260,,30,,,,,8,,,,https://www.allfasteners.com.au/k0-structural-bolt-assembly-as1252-2016-cl8-8
M30x280 GR8.8 ZINC Assembly,HEX_BOLT,PLAIN_CARBON_STEEL,GR_8_8,ZINC,BUNDLE,FALSE,MILLIMETERS,280,,30,,,,,8,,,,https://www.allfasteners.com.au/k0-structural-bolt-assembly-as1252-2016-cl8-8
M30x300 GR8.8 ZINC Assembly,HEX_BOLT,PLAIN_CARBON_STEEL,GR_8_8,ZINC,BUNDLE,FALSE,MILLIMETERS,300,,30,,,,,5,,,,https://www.allfasteners.com.au/k0-structural-bolt-assembly-as1252-2016-cl8-8
M30x350 GR8.8 ZINC Assembly,HEX_BOLT,PLAIN_CARBON_STEEL,GR_8_8,ZINC,BUNDLE,FALSE,MILLIMETERS,350,,30,,,,,1,,,,https://www.allfasteners.com.au/k0-structural-bolt-assembly-as1252-2016-cl8-8
M30x400 GR8.8 ZINC Assembly,HEX_BOLT,PLAIN_CARBON_STEEL,GR_8_8,ZINC,BUNDLE,FALSE,MILLIMETERS,400,,30,,,,,1,,,,https://www.allfasteners.com.au/k0-structural-bolt-assembly-as1252-2016-cl8-8
M30x450 GR8.8 ZINC Assembly,HEX_BOLT,PLAIN_CARBON_STEEL,GR_8_8,ZINC,BUNDLE,FALSE,MILLIMETERS,450,,30,,,,,1,,,,https://www.allfasteners.com.au/k0-structural-bolt-assembly-as1252-2016-cl8-8
M30x460 GR8.8 ZINC Assembly,HEX_BOLT,PLAIN_CARBON_STEEL,GR_8_8,ZINC,BUNDLE,FALSE,MILLIMETERS,460,,30,,,,,1,,,,https://www.allfasteners.com.au/k0-structural-bolt-assembly-as1252-2016-cl8-8
M30x500 GR8.8 ZINC Assembly,HEX_BOLT,PLAIN_CARBON_STEEL,GR_8_8,ZINC,BUNDLE,FALSE,MILLIMETERS,500,,30,,,,,1,,,,https://www.allfasteners.com.au/k0-structural-bolt-assembly-as1252-2016-cl8-8
M30x550 GR8.8 ZINC Assembly,HEX_BOLT,PLAIN_CARBON_STEEL,GR_8_8,ZINC,BUNDLE,FALSE,MILLIMETERS,550,,30,,,,,1,,,,https://www.allfasteners.com.au/k0-structural-bolt-assembly-as1252-2016-cl8-8
M30x600 GR8.8 ZINC Assembly,HEX_BOLT,PLAIN_CARBON_STEEL,GR_8_8,ZINC,BUNDLE,FALSE,MILLIMETERS,600,,30,,,,,1,,,,https://www.allfasteners.com.au/k0-structural-bolt-assembly-as1252-2016-cl8-8
M30x650 GR8.8 ZINC Assembly,HEX_BOLT,PLAIN_CARBON_STEEL,GR_8_8,ZINC,BUNDLE,FALSE,MILLIMETERS,650,,30,,,,,1,,,,https://www.allfasteners.com.au/k0-structural-bolt-assembly-as1252-2016-cl8-8
M30x725 GR8.8 ZINC Assembly,HEX_BOLT,PLAIN_CARBON_STEEL,GR_8_8,ZINC,BUNDLE,FALSE,MILLIMETERS,725,,30,,,,,1,,,,https://www.allfasteners.com.au/k0-structural-bolt-assembly-as1252-2016-cl8-8
M33x130 GR8.8 ZINC Assembly,HEX_BOLT,PLAIN_CARBON_STEEL,GR_8_8,ZINC,BUNDLE,FALSE,MILLIMETERS,130,,33,,,,,10,,,,https://www.allfasteners.com.au/k0-structural-bolt-assembly-as1252-2016-cl8-8
M33x140 GR8.8 ZINC Assembly,HEX_BOLT,PLAIN_CARBON_STEEL,GR_8_8,ZINC,BUNDLE,FALSE,MILLIMETERS,140,,33,,,,,10,,,,https://www.allfasteners.com.au/k0-structural-bolt-assembly-as1252-2016-cl8-8
M33x150 GR8.8 ZINC Assembly,HEX_BOLT,PLAIN_CARBON_STEEL,GR_8_8,ZINC,BUNDLE,FALSE,MILLIMETERS,150,,33,,,,,10,,,,https://www.allfasteners.com.au/k0-structural-bolt-assembly-as1252-2016-cl8-8
M33x175 GR8.8 ZINC Assembly,HEX_BOLT,PLAIN_CARBON_STEEL,GR_8_8,ZINC,BUNDLE,FALSE,MILLIMETERS,175,,33,,,,,5,,,,https://www.allfasteners.com.au/k0-structural-bolt-assembly-as1252-2016-cl8-8
M33x200 GR8.8 ZINC Assembly,HEX_BOLT,PLAIN_CARBON_STEEL,GR_8_8,ZINC,BUNDLE,FALSE,MILLIMETERS,200,,33,,,,,5,,,,https://www.allfasteners.com.au/k0-structural-bolt-assembly-as1252-2016-cl8-8
M33x230 GR8.8 ZINC Assembly,HEX_BOLT,PLAIN_CARBON_STEEL,GR_8_8,ZINC,BUNDLE,FALSE,MILLIMETERS,230,,33,,,,,5,,,,https://www.allfasteners.com.au/k0-structural-bolt-assembly-as1252-2016-cl8-8
M36x90 GR8.8 ZINC Assembly,HEX_BOLT,PLAIN_CARBON_STEEL,GR_8_8,ZINC,BUNDLE,FALSE,MILLIMETERS,90,,36,,,,,8,,,,https://www.allfasteners.com.au/k0-structural-bolt-assembly-as1252-2016-cl8-8
M36x100 GR8.8 ZINC Assembly,HEX_BOLT,PLAIN_CARBON_STEEL,GR_8_8,ZINC,BUNDLE,FALSE,MILLIMETERS,100,,36,,,,,8,,,,https://www.allfasteners.com.au/k0-structural-bolt-assembly-as1252-2016-cl8-8
M36x110 GR8.8 ZINC Assembly,HEX_BOLT,PLAIN_CARBON_STEEL,GR_8_8,ZINC,BUNDLE,FALSE,MILLIMETERS,110,,36,,,,,8,,,,https://www.allfasteners.com.au/k0-structural-bolt-assembly-as1252-2016-cl8-8
M36x120 GR8.8 ZINC Assembly,HEX_BOLT,PLAIN_CARBON_STEEL,GR_8_8,ZINC,BUNDLE,FALSE,MILLIMETERS,120,,36,,,,,8,,,,https://www.allfasteners.com.au/k0-structural-bolt-assembly-as1252-2016-cl8-8
M36x130 GR8.8 ZINC Assembly,HEX_BOLT,PLAIN_CARBON_STEEL,GR_8_8,ZINC,BUNDLE,FALSE,MILLIMETERS,130,,36,,,,,8,,,,https://www.allfasteners.com.au/k0-structural-bolt-assembly-as1252-2016-cl8-8
M36x140 GR8.8 ZINC Assembly,HEX_BOLT,PLAIN_CARBON_STEEL,GR_8_8,ZINC,BUNDLE,FALSE,MILLIMETERS,140,,36,,,,,8,,,,https://www.allfasteners.com.au/k0-structural-bolt-assembly-as1252-2016-cl8-8
M36x150 GR8.8 ZINC Assembly,HEX_BOLT,PLAIN_CARBON_STEEL,GR_8_8,ZINC,BUNDLE,FALSE,MILLIMETERS,150,,36,,,,,8,,,,https://www.allfasteners.com.au/k0-structural-bolt-assembly-as1252-2016-cl8-8
M36x160 GR8.8 ZINC Assembly,HEX_BOLT,PLAIN_CARBON_STEEL,GR_8_8,ZINC,BUNDLE,FALSE,MILLIMETERS,160,,36,,,,,5,,,,https://www.allfasteners.com.au/k0-structural-bolt-assembly-as1252-2016-cl8-8
M36x170 GR8.8 ZINC Assembly,HEX_BOLT,PLAIN_CARBON_STEEL,GR_8_8,ZINC,BUNDLE,FALSE,MILLIMETERS,170,,36,,,,,5,,,,https://www.allfasteners.com.au/k0-structural-bolt-assembly-as1252-2016-cl8-8
M36x180 GR8.8 ZINC Assembly,HEX_BOLT,PLAIN_CARBON_STEEL,GR_8_8,ZINC,BUNDLE,FALSE,MILLIMETERS,180,,36,,,,,5,,,,https://www.allfasteners.com.au/k0-structural-bolt-assembly-as1252-2016-cl8-8
M36x190 GR8.8 ZINC Assembly,HEX_BOLT,PLAIN_CARBON_STEEL,GR_8_8,ZINC,BUNDLE,FALSE,MILLIMETERS,190,,36,,,,,5,,,,https://www.allfasteners.com.au/k0-structural-bolt-assembly-as1252-2016-cl8-8
M36x200 GR8.8 ZINC Assembly,HEX_BOLT,PLAIN_CARBON_STEEL,GR_8_8,ZINC,BUNDLE,FALSE,MILLIMETERS,200,,36,,,,,5,,,,https://www.allfasteners.com.au/k0-structural-bolt-assembly-as1252-2016-cl8-8
M36x220 GR8.8 ZINC Assembly,HEX_BOLT,PLAIN_CARBON_STEEL,GR_8_8,ZINC,BUNDLE,FALSE,MILLIMETERS,220,,36,,,,,1,,,,https://www.allfasteners.com.au/k0-structural-bolt-assembly-as1252-2016-cl8-8
M36x240 GR8.8 ZINC Assembly,HEX_BOLT,PLAIN_CARBON_STEEL,GR_8_8,ZINC,BUNDLE,FALSE,MILLIMETERS,240,,36,,,,,1,,,,https://www.allfasteners.com.au/k0-structural-bolt-assembly-as1252-2016-cl8-8
M36x260 GR8.8 ZINC Assembly,HEX_BOLT,PLAIN_CARBON_STEEL,GR_8_8,ZINC,BUNDLE,FALSE,MILLIMETERS,260,,36,,,,,1,,,,https://www.allfasteners.com.au/k0-structural-bolt-assembly-as1252-2016-cl8-8
M36x280 GR8.8 ZINC Assembly,HEX_BOLT,PLAIN_CARBON_STEEL,GR_8_8,ZINC,BUNDLE,FALSE,MILLIMETERS,280,,36,,,,,1,,,,https://www.allfasteners.com.au/k0-structural-bolt-assembly-as1252-2016-cl8-8
M36x300 GR8.8 ZINC Assembly,HEX_BOLT,PLAIN_CARBON_STEEL,GR_8_8,ZINC,BUNDLE,FALSE,MILLIMETERS,300,,36,,,,,1,,,,https://www.allfasteners.com.au/k0-structural-bolt-assembly-as1252-2016-cl8-8
M36x375 GR8.8 ZINC Assembly,HEX_BOLT,PLAIN_CARBON_STEEL,GR_8_8,ZINC,BUNDLE,FALSE,MILLIMETERS,375,,36,,,,,1,,,,https://www.allfasteners.com.au/k0-structural-bolt-assembly-as1252-2016-cl8-8
M36x400 GR8.8 ZINC Assembly,HEX_BOLT,PLAIN_CARBON_STEEL,GR_8_8,ZINC,BUNDLE,FALSE,MILLIMETERS,400,,36,,,,,1,,,,https://www.allfasteners.com.au/k0-structural-bolt-assembly-as1252-2016-cl8-8
M36x420 GR8.8 ZINC Assembly,HEX_BOLT,PLAIN_CARBON_STEEL,GR_8_8,ZINC,BUNDLE,FALSE,MILLIMETERS,420,,36,,,,,1,,,,https://www.allfasteners.com.au/k0-structural-bolt-assembly-as1252-2016-cl8-8
M36x450 GR8.8 ZINC Assembly,HEX_BOLT,PLAIN_CARBON_STEEL,GR_8_8,ZINC,BUNDLE,FALSE,MILLIMETERS,450,,36,,,,,1,,,,https://www.allfasteners.com.au/k0-structural-bolt-assembly-as1252-2016-cl8-8
M36x470 GR8.8 ZINC Assembly,HEX_BOLT,PLAIN_CARBON_STEEL,GR_8_8,ZINC,BUNDLE,FALSE,MILLIMETERS,470,,36,,,,,1,,,,https://www.allfasteners.com.au/k0-structural-bolt-assembly-as1252-2016-cl8-8
M36x500 GR8.8 ZINC Assembly,HEX_BOLT,PLAIN_CARBON_STEEL,GR_8_8,ZINC,BUNDLE,FALSE,MILLIMETERS,500,,36,,,,,1,,,,https://www.allfasteners.com.au/k0-structural-bolt-assembly-as1252-2016-cl8-8
M36x525 GR8.8 ZINC Assembly,HEX_BOLT,PLAIN_CARBON_STEEL,GR_8_8,ZINC,BUNDLE,FALSE,MILLIMETERS,525,,36,,,,,1,,,,https://www.allfasteners.com.au/k0-structural-bolt-assembly-as1252-2016-cl8-8
M36x600 GR8.8 ZINC Assembly,HEX_BOLT,PLAIN_CARBON_STEEL,GR_8_8,ZINC,BUNDLE,FALSE,MILLIMETERS,600,,36,,,,,1,,,,https://www.allfasteners.com.au/k0-structural-bolt-assembly-as1252-2016-cl8-8
,,,,,,,,,,,,,,,,,,,
6mm ROUND,ROUND,PLAIN_CARBON_STEEL,GR300,NONE,METERAGE,TRUE,MILLIMETERS,6000,,6,,,,,664,,,0.233,https://www.southernsteel.com.au/wp-content/uploads/2023/03/Southern-Steel-Supplies-Steel-Reference-Guide-Apr-2023-Rev-4.pdf
8mm ROUND,ROUND,PLAIN_CARBON_STEEL,GR300,NONE,METERAGE,TRUE,MILLIMETERS,6000,,8,,,,,423,,,0.394,https://www.southernsteel.com.au/wp-content/uploads/2023/03/Southern-Steel-Supplies-Steel-Reference-Guide-Apr-2023-Rev-4.pdf
10mm ROUND,ROUND,PLAIN_CARBON_STEEL,GR300,NONE,METERAGE,TRUE,MILLIMETERS,6000,,10,,,,,530,,,0.632,https://www.southernsteel.com.au/wp-content/uploads/2023/03/Southern-Steel-Supplies-Steel-Reference-Guide-Apr-2023-Rev-4.pdf
12mm ROUND,ROUND,PLAIN_CARBON_STEEL,GR300,NONE,METERAGE,TRUE,MILLIMETERS,6000,,12,,,,,367,,,0.91,https://www.southernsteel.com.au/wp-content/uploads/2023/03/Southern-Steel-Supplies-Steel-Reference-Guide-Apr-2023-Rev-4.pdf
14mm ROUND,ROUND,PLAIN_CARBON_STEEL,GR300,NONE,METERAGE,TRUE,MILLIMETERS,6000,,14,,,,,271,,,1.239,https://www.southernsteel.com.au/wp-content/uploads/2023/03/Southern-Steel-Supplies-Steel-Reference-Guide-Apr-2023-Rev-4.pdf
16mm ROUND,ROUND,PLAIN_CARBON_STEEL,GR300,NONE,METERAGE,TRUE,MILLIMETERS,6000,,16,,,,,206,,,1.618,https://www.southernsteel.com.au/wp-content/uploads/2023/03/Southern-Steel-Supplies-Steel-Reference-Guide-Apr-2023-Rev-4.pdf
18mm ROUND,ROUND,PLAIN_CARBON_STEEL,GR300,NONE,METERAGE,TRUE,MILLIMETERS,6000,,18,,,,,168,,,2.047,https://www.southernsteel.com.au/wp-content/uploads/2023/03/Southern-Steel-Supplies-Steel-Reference-Guide-Apr-2023-Rev-4.pdf
20mm ROUND,ROUND,PLAIN_CARBON_STEEL,GR300,NONE,METERAGE,TRUE,MILLIMETERS,6000,,20,,,,,132,,,2.528,https://www.southernsteel.com.au/wp-content/uploads/2023/03/Southern-Steel-Supplies-Steel-Reference-Guide-Apr-2023-Rev-4.pdf
22mm ROUND,ROUND,PLAIN_CARBON_STEEL,GR300,NONE,METERAGE,TRUE,MILLIMETERS,6000,,22,,,,,110,,,3.059,https://www.southernsteel.com.au/wp-content/uploads/2023/03/Southern-Steel-Supplies-Steel-Reference-Guide-Apr-2023-Rev-4.pdf
24mm ROUND,ROUND,PLAIN_CARBON_STEEL,GR300,NONE,METERAGE,TRUE,MILLIMETERS,6000,,24,,,,,93,,,3.64,https://www.southernsteel.com.au/wp-content/uploads/2023/03/Southern-Steel-Supplies-Steel-Reference-Guide-Apr-2023-Rev-4.pdf
27mm ROUND,ROUND,PLAIN_CARBON_STEEL,GR300,NONE,METERAGE,TRUE,MILLIMETERS,6000,,27,,,,,73,,,4.607,https://www.southernsteel.com.au/wp-content/uploads/2023/03/Southern-Steel-Supplies-Steel-Reference-Guide-Apr-2023-Rev-4.pdf
30mm ROUND,ROUND,PLAIN_CARBON_STEEL,GR300,NONE,METERAGE,TRUE,MILLIMETERS,6000,,30,,,,,60,,,5.687,https://www.southernsteel.com.au/wp-content/uploads/2023/03/Southern-Steel-Supplies-Steel-Reference-Guide-Apr-2023-Rev-4.pdf
33mm ROUND,ROUND,PLAIN_CARBON_STEEL,GR300,NONE,METERAGE,TRUE,MILLIMETERS,6000,,33,,,,,50,,,6.882,https://www.southernsteel.com.au/wp-content/uploads/2023/03/Southern-Steel-Supplies-Steel-Reference-Guide-Apr-2023-Rev-4.pdf
36mm ROUND,ROUND,PLAIN_CARBON_STEEL,GR300,NONE,METERAGE,TRUE,MILLIMETERS,6000,,36,,,,,42,,,8.19,https://www.southernsteel.com.au/wp-content/uploads/2023/03/Southern-Steel-Supplies-Steel-Reference-Guide-Apr-2023-Rev-4.pdf
39mm ROUND,ROUND,PLAIN_CARBON_STEEL,GR300,NONE,METERAGE,TRUE,MILLIMETERS,6000,,39,,,,,36,,,9.611,https://www.southernsteel.com.au/wp-content/uploads/2023/03/Southern-Steel-Supplies-Steel-Reference-Guide-Apr-2023-Rev-4.pdf
42mm ROUND,ROUND,PLAIN_CARBON_STEEL,GR300,NONE,METERAGE,TRUE,MILLIMETERS,6000,,42,,,,,30,,,11.147,https://www.southernsteel.com.au/wp-content/uploads/2023/03/Southern-Steel-Supplies-Steel-Reference-Guide-Apr-2023-Rev-4.pdf
45mm ROUND,ROUND,PLAIN_CARBON_STEEL,GR300,NONE,METERAGE,TRUE,MILLIMETERS,6000,,45,,,,,26,,,12.796,https://www.southernsteel.com.au/wp-content/uploads/2023/03/Southern-Steel-Supplies-Steel-Reference-Guide-Apr-2023-Rev-4.pdf
48mm ROUND,ROUND,PLAIN_CARBON_STEEL,GR300,NONE,METERAGE,TRUE,MILLIMETERS,6000,,48,,,,,23,,,14.559,https://www.southernsteel.com.au/wp-content/uploads/2023/03/Southern-Steel-Supplies-Steel-Reference-Guide-Apr-2023-Rev-4.pdf
50mm ROUND,ROUND,PLAIN_CARBON_STEEL,GR300,NONE,METERAGE,TRUE,MILLIMETERS,6000,,50,,,,,22,,,15.798,https://www.southernsteel.com.au/wp-content/uploads/2023/03/Southern-Steel-Supplies-Steel-Reference-Guide-Apr-2023-Rev-4.pdf
56mm ROUND,ROUND,PLAIN_CARBON_STEEL,GR300,NONE,METERAGE,TRUE,MILLIMETERS,6000,,56,,,,,17,,,19.817,https://www.southernsteel.com.au/wp-content/uploads/2023/03/Southern-Steel-Supplies-Steel-Reference-Guide-Apr-2023-Rev-4.pdf
60mm ROUND,ROUND,PLAIN_CARBON_STEEL,GR300,NONE,METERAGE,TRUE,MILLIMETERS,6000,,60,,,,,15,,,22.749,https://www.southernsteel.com.au/wp-content/uploads/2023/03/Southern-Steel-Supplies-Steel-Reference-Guide-Apr-2023-Rev-4.pdf
65mm ROUND,ROUND,PLAIN_CARBON_STEEL,GR300,NONE,METERAGE,TRUE,MILLIMETERS,6000,,65,,,,,14,,,26.698,https://www.southernsteel.com.au/wp-content/uploads/2023/03/Southern-Steel-Supplies-Steel-Reference-Guide-Apr-2023-Rev-4.pdf
75mm ROUND,ROUND,PLAIN_CARBON_STEEL,GR300,NONE,METERAGE,TRUE,MILLIMETERS,6000,,75,,,,,10,,,35.545,https://www.southernsteel.com.au/wp-content/uploads/2023/03/Southern-Steel-Supplies-Steel-Reference-Guide-Apr-2023-Rev-4.pdf
,,,,,,,,,,,,,,,,,,,
200x200x26 EA 9m,EA,PLAIN_CARBON_STEEL,GR300,NONE,METERAGE,TRUE,MILLIMETERS,9000,,200,,200,,26,1,,,76.8,https://www.southernsteel.com.au/wp-content/uploads/2023/03/Southern-Steel-Supplies-Steel-Reference-Guide-Apr-2023-Rev-4.pdf
200x200x26 EA 12m,EA,PLAIN_CARBON_STEEL,GR300,NONE,METERAGE,TRUE,MILLIMETERS,12000,,200,,200,,26,1,,,76.8,https://www.southernsteel.com.au/wp-content/uploads/2023/03/Southern-Steel-Supplies-Steel-Reference-Guide-Apr-2023-Rev-4.pdf
200x200x20 EA 9m,EA,PLAIN_CARBON_STEEL,GR300,NONE,METERAGE,TRUE,MILLIMETERS,9000,,200,,200,,20,1,,,60.1,https://www.southernsteel.com.au/wp-content/uploads/2023/03/Southern-Steel-Supplies-Steel-Reference-Guide-Apr-2023-Rev-4.pdf
200x200x20 EA 12m,EA,PLAIN_CARBON_STEEL,GR300,NONE,METERAGE,TRUE,MILLIMETERS,12000,,200,,200,,20,1,,,60.1,https://www.southernsteel.com.au/wp-content/uploads/2023/03/Southern-Steel-Supplies-Steel-Reference-Guide-Apr-2023-Rev-4.pdf
200x200x18 EA 9m,EA,PLAIN_CARBON_STEEL,GR300,NONE,METERAGE,TRUE,MILLIMETERS,9000,,200,,200,,18,1,,,54.4,https://www.southernsteel.com.au/wp-content/uploads/2023/03/Southern-Steel-Supplies-Steel-Reference-Guide-Apr-2023-Rev-4.pdf
200x200x18 EA 12m,EA,PLAIN_CARBON_STEEL,GR300,NONE,METERAGE,TRUE,MILLIMETERS,12000,,200,,200,,18,1,,,54.4,https://www.southernsteel.com.au/wp-content/uploads/2023/03/Southern-Steel-Supplies-Steel-Reference-Guide-Apr-2023-Rev-4.pdf
200x200x16 EA 9m,EA,PLAIN_CARBON_STEEL,GR300,NONE,METERAGE,TRUE,MILLIMETERS,9000,,200,,200,,16,1,,,48.7,https://www.southernsteel.com.au/wp-content/uploads/2023/03/Southern-Steel-Supplies-Steel-Reference-Guide-Apr-2023-Rev-4.pdf
200x200x16 EA 12m,EA,PLAIN_CARBON_STEEL,GR300,NONE,METERAGE,TRUE,MILLIMETERS,12000,,200,,200,,16,1,,,48.7,https://www.southernsteel.com.au/wp-content/uploads/2023/03/Southern-Steel-Supplies-Steel-Reference-Guide-Apr-2023-Rev-4.pdf
200x200x13 EA 9m,EA,PLAIN_CARBON_STEEL,GR300,NONE,METERAGE,TRUE,MILLIMETERS,9000,,200,,200,,13,1,,,40,https://www.southernsteel.com.au/wp-content/uploads/2023/03/Southern-Steel-Supplies-Steel-Reference-Guide-Apr-2023-Rev-4.pdf
200x200x13 EA 12m,EA,PLAIN_CARBON_STEEL,GR300,NONE,METERAGE,TRUE,MILLIMETERS,12000,,200,,200,,13,1,,,40,https://www.southernsteel.com.au/wp-content/uploads/2023/03/Southern-Steel-Supplies-Steel-Reference-Guide-Apr-2023-Rev-4.pdf
150x150x19 EA 9m,EA,PLAIN_CARBON_STEEL,GR300,NONE,METERAGE,TRUE,MILLIMETERS,9000,,150,,150,,19,1,,,42.1,https://www.southernsteel.com.au/wp-content/uploads/2023/03/Southern-Steel-Supplies-Steel-Reference-Guide-Apr-2023-Rev-4.pdf
150x150x19 EA 12m,EA,PLAIN_CARBON_STEEL,GR300,NONE,METERAGE,TRUE,MILLIMETERS,12000,,150,,150,,19,1,,,42.1,https://www.southernsteel.com.au/wp-content/uploads/2023/03/Southern-Steel-Supplies-Steel-Reference-Guide-Apr-2023-Rev-4.pdf
150x150x16 EA 9m,EA,PLAIN_CARBON_STEEL,GR300,NONE,METERAGE,TRUE,MILLIMETERS,9000,,150,,150,,16,1,,,35.4,https://www.southernsteel.com.au/wp-content/uploads/2023/03/Southern-Steel-Supplies-Steel-Reference-Guide-Apr-2023-Rev-4.pdf
150x150x16 EA 12m,EA,PLAIN_CARBON_STEEL,GR300,NONE,METERAGE,TRUE,MILLIMETERS,12000,,150,,150,,16,1,,,35.4,https://www.southernsteel.com.au/wp-content/uploads/2023/03/Southern-Steel-Supplies-Steel-Reference-Guide-Apr-2023-Rev-4.pdf
150x150x12 EA 9m,EA,PLAIN_CARBON_STEEL,GR300,NONE,METERAGE,TRUE,MILLIMETERS,9000,,150,,150,,12,1,,,27.3,https://www.southernsteel.com.au/wp-content/uploads/2023/03/Southern-Steel-Supplies-Steel-Reference-Guide-Apr-2023-Rev-4.pdf
150x150x12 EA 12m,EA,PLAIN_CARBON_STEEL,GR300,NONE,METERAGE,TRUE,MILLIMETERS,12000,,150,,150,,12,1,,,27.3,https://www.southernsteel.com.au/wp-content/uploads/2023/03/Southern-Steel-Supplies-Steel-Reference-Guide-Apr-2023-Rev-4.pdf
150x150x10 EA 9m,EA,PLAIN_CARBON_STEEL,GR300,NONE,METERAGE,TRUE,MILLIMETERS,9000,,150,,150,,10,1,,,21.9,https://www.southernsteel.com.au/wp-content/uploads/2023/03/Southern-Steel-Supplies-Steel-Reference-Guide-Apr-2023-Rev-4.pdf
150x150x10 EA 12m,EA,PLAIN_CARBON_STEEL,GR300,NONE,METERAGE,TRUE,MILLIMETERS,12000,,150,,150,,10,1,,,21.9,https://www.southernsteel.com.au/wp-content/uploads/2023/03/Southern-Steel-Supplies-Steel-Reference-Guide-Apr-2023-Rev-4.pdf
125x125x16 EA 9m,EA,PLAIN_CARBON_STEEL,GR300,NONE,METERAGE,TRUE,MILLIMETERS,9000,,125,,125,,16,1,,,29.1,https://www.southernsteel.com.au/wp-content/uploads/2023/03/Southern-Steel-Supplies-Steel-Reference-Guide-Apr-2023-Rev-4.pdf
125x125x16 EA 12m,EA,PLAIN_CARBON_STEEL,GR300,NONE,METERAGE,TRUE,MILLIMETERS,12000,,125,,125,,16,1,,,29.1,https://www.southernsteel.com.au/wp-content/uploads/2023/03/Southern-Steel-Supplies-Steel-Reference-Guide-Apr-2023-Rev-4.pdf
125x125x12 EA 9m,EA,PLAIN_CARBON_STEEL,GR300,NONE,METERAGE,TRUE,MILLIMETERS,9000,,125,,125,,12,1,,,22.5,https://www.southernsteel.com.au/wp-content/uploads/2023/03/Southern-Steel-Supplies-Steel-Reference-Guide-Apr-2023-Rev-4.pdf
125x125x12 EA 12m,EA,PLAIN_CARBON_STEEL,GR300,NONE,METERAGE,TRUE,MILLIMETERS,12000,,125,,125,,12,1,,,22.5,https://www.southernsteel.com.au/wp-content/uploads/2023/03/Southern-Steel-Supplies-Steel-Reference-Guide-Apr-2023-Rev-4.pdf
125x125x10 EA 9m,EA,PLAIN_CARBON_STEEL,GR300,NONE,METERAGE,TRUE,MILLIMETERS,9000,,125,,125,,10,1,,,18,https://www.southernsteel.com.au/wp-content/uploads/2023/03/Southern-Steel-Supplies-Steel-Reference-Guide-Apr-2023-Rev-4.pdf
125x125x10 EA 12m,EA,PLAIN_CARBON_STEEL,GR300,NONE,METERAGE,TRUE,MILLIMETERS,12000,,125,,125,,10,1,,,18,https://www.southernsteel.com.au/wp-content/uploads/2023/03/Southern-Steel-Supplies-Steel-Reference-Guide-Apr-2023-Rev-4.pdf
125x125x8 EA 9m,EA,PLAIN_CARBON_STEEL,GR300,NONE,METERAGE,TRUE,MILLIMETERS,9000,,125,,125,,8,1,,,14.9,https://www.southernsteel.com.au/wp-content/uploads/2023/03/Southern-Steel-Supplies-Steel-Reference-Guide-Apr-2023-Rev-4.pdf
125x125x8 EA 12m,EA,PLAIN_CARBON_STEEL,GR300,NONE,METERAGE,TRUE,MILLIMETERS,12000,,125,,125,,8,1,,,14.9,https://www.southernsteel.com.au/wp-content/uploads/2023/03/Southern-Steel-Supplies-Steel-Reference-Guide-Apr-2023-Rev-4.pdf
,,,,,,,,,,,,,,,,,,,
100x100x12 EA 9m,EA,PLAIN_CARBON_STEEL,GR300,NONE,METERAGE,TRUE,MILLIMETERS,9000,,100,,100,,12,1,,,17.7,https://www.southernsteel.com.au/wp-content/uploads/2023/03/Southern-Steel-Supplies-Steel-Reference-Guide-Apr-2023-Rev-4.pdf
100x100x12 EA 12m,EA,PLAIN_CARBON_STEEL,GR300,NONE,METERAGE,TRUE,MILLIMETERS,12000,,100,,100,,12,1,,,17.7,https://www.southernsteel.com.au/wp-content/uploads/2023/03/Southern-Steel-Supplies-Steel-Reference-Guide-Apr-2023-Rev-4.pdf
100x100x10 EA 9m,EA,PLAIN_CARBON_STEEL,GR300,NONE,METERAGE,TRUE,MILLIMETERS,9000,,100,,100,,10,1,,,14.2,https://www.southernsteel.com.au/wp-content/uploads/2023/03/Southern-Steel-Supplies-Steel-Reference-Guide-Apr-2023-Rev-4.pdf
100x100x10 EA 12m,EA,PLAIN_CARBON_STEEL,GR300,NONE,METERAGE,TRUE,MILLIMETERS,12000,,100,,100,,10,1,,,14.2,https://www.southernsteel.com.au/wp-content/uploads/2023/03/Southern-Steel-Supplies-Steel-Reference-Guide-Apr-2023-Rev-4.pdf
100x100x8 EA 9m,EA,PLAIN_CARBON_STEEL,GR300,NONE,METERAGE,TRUE,MILLIMETERS,9000,,100,,100,,8,1,,,11.8,https://www.southernsteel.com.au/wp-content/uploads/2023/03/Southern-Steel-Supplies-Steel-Reference-Guide-Apr-2023-Rev-4.pdf
100x100x8 EA 12m,EA,PLAIN_CARBON_STEEL,GR300,NONE,METERAGE,TRUE,MILLIMETERS,12000,,100,,100,,8,1,,,11.8,https://www.southernsteel.com.au/wp-content/uploads/2023/03/Southern-Steel-Supplies-Steel-Reference-Guide-Apr-2023-Rev-4.pdf
100x100x6 EA 9m,EA,PLAIN_CARBON_STEEL,GR300,NONE,METERAGE,TRUE,MILLIMETERS,9000,,100,,100,,6,1,,,9.16,https://www.southernsteel.com.au/wp-content/uploads/2023/03/Southern-Steel-Supplies-Steel-Reference-Guide-Apr-2023-Rev-4.pdf
100x100x6 EA 12m,EA,PLAIN_CARBON_STEEL,GR300,NONE,METERAGE,TRUE,MILLIMETERS,12000,,100,,100,,6,1,,,9.16,https://www.southernsteel.com.au/wp-content/uploads/2023/03/Southern-Steel-Supplies-Steel-Reference-Guide-Apr-2023-Rev-4.pdf
90x90x10 EA 9m,EA,PLAIN_CARBON_STEEL,GR300,NONE,METERAGE,TRUE,MILLIMETERS,9000,,90,,90,,10,1,,,12.7,https://www.southernsteel.com.au/wp-content/uploads/2023/03/Southern-Steel-Supplies-Steel-Reference-Guide-Apr-2023-Rev-4.pdf
90x90x10 EA 12m,EA,PLAIN_CARBON_STEEL,GR300,NONE,METERAGE,TRUE,MILLIMETERS,12000,,90,,90,,10,1,,,12.7,https://www.southernsteel.com.au/wp-content/uploads/2023/03/Southern-Steel-Supplies-Steel-Reference-Guide-Apr-2023-Rev-4.pdf
90x90x8 EA 9m,EA,PLAIN_CARBON_STEEL,GR300,NONE,METERAGE,TRUE,MILLIMETERS,9000,,90,,90,,8,1,,,10.6,https://www.southernsteel.com.au/wp-content/uploads/2023/03/Southern-Steel-Supplies-Steel-Reference-Guide-Apr-2023-Rev-4.pdf
90x90x8 EA 12m,EA,PLAIN_CARBON_STEEL,GR300,NONE,METERAGE,TRUE,MILLIMETERS,12000,,90,,90,,8,1,,,10.6,https://www.southernsteel.com.au/wp-content/uploads/2023/03/Southern-Steel-Supplies-Steel-Reference-Guide-Apr-2023-Rev-4.pdf
90x90x6 EA 9m,EA,PLAIN_CARBON_STEEL,GR300,NONE,METERAGE,TRUE,MILLIMETERS,9000,,90,,90,,6,1,,,8.22,https://www.southernsteel.com.au/wp-content/uploads/2023/03/Southern-Steel-Supplies-Steel-Reference-Guide-Apr-2023-Rev-4.pdf
90x90x6 EA 12m,EA,PLAIN_CARBON_STEEL,GR300,NONE,METERAGE,TRUE,MILLIMETERS,12000,,90,,90,,6,1,,,8.22,https://www.southernsteel.com.au/wp-content/uploads/2023/03/Southern-Steel-Supplies-Steel-Reference-Guide-Apr-2023-Rev-4.pdf
75x75x10 EA 9m,EA,PLAIN_CARBON_STEEL,GR300,NONE,METERAGE,TRUE,MILLIMETERS,9000,,75,,75,,10,1,,,10.5,https://www.southernsteel.com.au/wp-content/uploads/2023/03/Southern-Steel-Supplies-Steel-Reference-Guide-Apr-2023-Rev-4.pdf
75x75x10 EA 12m,EA,PLAIN_CARBON_STEEL,GR300,NONE,METERAGE,TRUE,MILLIMETERS,12000,,75,,75,,10,1,,,10.5,https://www.southernsteel.com.au/wp-content/uploads/2023/03/Southern-Steel-Supplies-Steel-Reference-Guide-Apr-2023-Rev-4.pdf
75x75x8 EA 9m,EA,PLAIN_CARBON_STEEL,GR300,NONE,METERAGE,TRUE,MILLIMETERS,9000,,75,,75,,8,1,,,8.73,https://www.southernsteel.com.au/wp-content/uploads/2023/03/Southern-Steel-Supplies-Steel-Reference-Guide-Apr-2023-Rev-4.pdf
75x75x8 EA 12m,EA,PLAIN_CARBON_STEEL,GR300,NONE,METERAGE,TRUE,MILLIMETERS,12000,,75,,75,,8,1,,,8.73,https://www.southernsteel.com.au/wp-content/uploads/2023/03/Southern-Steel-Supplies-Steel-Reference-Guide-Apr-2023-Rev-4.pdf
75x75x6 EA 9m,EA,PLAIN_CARBON_STEEL,GR300,NONE,METERAGE,TRUE,MILLIMETERS,9000,,75,,75,,6,1,,,5.87,https://www.southernsteel.com.au/wp-content/uploads/2023/03/Southern-Steel-Supplies-Steel-Reference-Guide-Apr-2023-Rev-4.pdf
75x75x6 EA 12m,EA,PLAIN_CARBON_STEEL,GR300,NONE,METERAGE,TRUE,MILLIMETERS,12000,,75,,75,,6,1,,,5.87,https://www.southernsteel.com.au/wp-content/uploads/2023/03/Southern-Steel-Supplies-Steel-Reference-Guide-Apr-2023-Rev-4.pdf
75x75x5 EA 9m,EA,PLAIN_CARBON_STEEL,GR300,NONE,METERAGE,TRUE,MILLIMETERS,9000,,75,,75,,5,1,,,4.56,https://www.southernsteel.com.au/wp-content/uploads/2023/03/Southern-Steel-Supplies-Steel-Reference-Guide-Apr-2023-Rev-4.pdf
75x75x5 EA 12m,EA,PLAIN_CARBON_STEEL,GR300,NONE,METERAGE,TRUE,MILLIMETERS,12000,,75,,75,,5,1,,,4.56,https://www.southernsteel.com.au/wp-content/uploads/2023/03/Southern-Steel-Supplies-Steel-Reference-Guide-Apr-2023-Rev-4.pdf
65x65x10 EA 9m,EA,PLAIN_CARBON_STEEL,GR300,NONE,METERAGE,TRUE,MILLIMETERS,9000,,65,,65,,10,1,,,9.02,https://www.southernsteel.com.au/wp-content/uploads/2023/03/Southern-Steel-Supplies-Steel-Reference-Guide-Apr-2023-Rev-4.pdf
65x65x10 EA 12m,EA,PLAIN_CARBON_STEEL,GR300,NONE,METERAGE,TRUE,MILLIMETERS,12000,,65,,65,,10,1,,,9.02,https://www.southernsteel.com.au/wp-content/uploads/2023/03/Southern-Steel-Supplies-Steel-Reference-Guide-Apr-2023-Rev-4.pdf
65x65x8 EA 9m,EA,PLAIN_CARBON_STEEL,GR300,NONE,METERAGE,TRUE,MILLIMETERS,9000,,65,,65,,8,1,,,7.51,https://www.southernsteel.com.au/wp-content/uploads/2023/03/Southern-Steel-Supplies-Steel-Reference-Guide-Apr-2023-Rev-4.pdf
65x65x8 EA 12m,EA,PLAIN_CARBON_STEEL,GR300,NONE,METERAGE,TRUE,MILLIMETERS,12000,,65,,65,,8,1,,,7.51,https://www.southernsteel.com.au/wp-content/uploads/2023/03/Southern-Steel-Supplies-Steel-Reference-Guide-Apr-2023-Rev-4.pdf
65x65x6 EA 9m,EA,PLAIN_CARBON_STEEL,GR300,NONE,METERAGE,TRUE,MILLIMETERS,9000,,65,,65,,6,1,,,5.87,https://www.southernsteel.com.au/wp-content/uploads/2023/03/Southern-Steel-Supplies-Steel-Reference-Guide-Apr-2023-Rev-4.pdf
65x65x6 EA 12m,EA,PLAIN_CARBON_STEEL,GR300,NONE,METERAGE,TRUE,MILLIMETERS,12000,,65,,65,,6,1,,,5.87,https://www.southernsteel.com.au/wp-content/uploads/2023/03/Southern-Steel-Supplies-Steel-Reference-Guide-Apr-2023-Rev-4.pdf
65x65x5 EA 9m,EA,PLAIN_CARBON_STEEL,GR300,NONE,METERAGE,TRUE,MILLIMETERS,9000,,65,,65,,5,1,,,4.56,https://www.southernsteel.com.au/wp-content/uploads/2023/03/Southern-Steel-Supplies-Steel-Reference-Guide-Apr-2023-Rev-4.pdf
65x65x5 EA 12m,EA,PLAIN_CARBON_STEEL,GR300,NONE,METERAGE,TRUE,MILLIMETERS,12000,,65,,65,,5,1,,,4.56,https://www.southernsteel.com.au/wp-content/uploads/2023/03/Southern-Steel-Supplies-Steel-Reference-Guide-Apr-2023-Rev-4.pdf
55x55x6 EA 9m,EA,PLAIN_CARBON_STEEL,GR300,NONE,METERAGE,TRUE,MILLIMETERS,9000,,55,,55,,6,1,,,4.93,https://www.southernsteel.com.au/wp-content/uploads/2023/03/Southern-Steel-Supplies-Steel-Reference-Guide-Apr-2023-Rev-4.pdf
55x55x6 EA 12m,EA,PLAIN_CARBON_STEEL,GR300,NONE,METERAGE,TRUE,MILLIMETERS,12000,,55,,55,,6,1,,,4.93,https://www.southernsteel.com.au/wp-content/uploads/2023/03/Southern-Steel-Supplies-Steel-Reference-Guide-Apr-2023-Rev-4.pdf
55x55x5 EA 9m,EA,PLAIN_CARBON_STEEL,GR300,NONE,METERAGE,TRUE,MILLIMETERS,9000,,55,,55,,5,1,,,3.84,https://www.southernsteel.com.au/wp-content/uploads/2023/03/Southern-Steel-Supplies-Steel-Reference-Guide-Apr-2023-Rev-4.pdf
55x55x5 EA 12m,EA,PLAIN_CARBON_STEEL,GR300,NONE,METERAGE,TRUE,MILLIMETERS,12000,,55,,55,,5,1,,,3.84,https://www.southernsteel.com.au/wp-content/uploads/2023/03/Southern-Steel-Supplies-Steel-Reference-Guide-Apr-2023-Rev-4.pdf
50x50x8 EA 9m,EA,PLAIN_CARBON_STEEL,GR300,NONE,METERAGE,TRUE,MILLIMETERS,9000,,50,,50,,8,1,,,5.68,https://www.southernsteel.com.au/wp-content/uploads/2023/03/Southern-Steel-Supplies-Steel-Reference-Guide-Apr-2023-Rev-4.pdf
50x50x8 EA 12m,EA,PLAIN_CARBON_STEEL,GR300,NONE,METERAGE,TRUE,MILLIMETERS,12000,,50,,50,,8,1,,,5.68,https://www.southernsteel.com.au/wp-content/uploads/2023/03/Southern-Steel-Supplies-Steel-Reference-Guide-Apr-2023-Rev-4.pdf
50x50x6 EA 9m,EA,PLAIN_CARBON_STEEL,GR300,NONE,METERAGE,TRUE,MILLIMETERS,9000,,50,,50,,6,1,,,4.46,https://www.southernsteel.com.au/wp-content/uploads/2023/03/Southern-Steel-Supplies-Steel-Reference-Guide-Apr-2023-Rev-4.pdf
50x50x6 EA 12m,EA,PLAIN_CARBON_STEEL,GR300,NONE,METERAGE,TRUE,MILLIMETERS,12000,,50,,50,,6,1,,,4.46,https://www.southernsteel.com.au/wp-content/uploads/2023/03/Southern-Steel-Supplies-Steel-Reference-Guide-Apr-2023-Rev-4.pdf
50x50x5 EA 9m,EA,PLAIN_CARBON_STEEL,GR300,NONE,METERAGE,TRUE,MILLIMETERS,9000,,50,,50,,5,1,,,3.48,https://www.southernsteel.com.au/wp-content/uploads/2023/03/Southern-Steel-Supplies-Steel-Reference-Guide-Apr-2023-Rev-4.pdf
50x50x5 EA 12m,EA,PLAIN_CARBON_STEEL,GR300,NONE,METERAGE,TRUE,MILLIMETERS,12000,,50,,50,,5,1,,,3.48,https://www.southernsteel.com.au/wp-content/uploads/2023/03/Southern-Steel-Supplies-Steel-Reference-Guide-Apr-2023-Rev-4.pdf
50x50x3 EA 9m,EA,PLAIN_CARBON_STEEL,GR300,NONE,METERAGE,TRUE,MILLIMETERS,9000,,50,,50,,3,1,,,2.31,https://www.southernsteel.com.au/wp-content/uploads/2023/03/Southern-Steel-Supplies-Steel-Reference-Guide-Apr-2023-Rev-4.pdf
50x50x3 EA 12m,EA,PLAIN_CARBON_STEEL,GR300,NONE,METERAGE,TRUE,MILLIMETERS,12000,,50,,50,,3,1,,,2.31,https://www.southernsteel.com.au/wp-content/uploads/2023/03/Southern-Steel-Supplies-Steel-Reference-Guide-Apr-2023-Rev-4.pdf
45x45x6 EA 9m,EA,PLAIN_CARBON_STEEL,GR300,NONE,METERAGE,TRUE,MILLIMETERS,9000,,45,,45,,6,1,,,3.97,https://www.southernsteel.com.au/wp-content/uploads/2023/03/Southern-Steel-Supplies-Steel-Reference-Guide-Apr-2023-Rev-4.pdf
45x45x6 EA 12m,EA,PLAIN_CARBON_STEEL,GR300,NONE,METERAGE,TRUE,MILLIMETERS,12000,,45,,45,,6,1,,,3.97,https://www.southernsteel.com.au/wp-content/uploads/2023/03/Southern-Steel-Supplies-Steel-Reference-Guide-Apr-2023-Rev-4.pdf
45x45x5 EA 9m,EA,PLAIN_CARBON_STEEL,GR300,NONE,METERAGE,TRUE,MILLIMETERS,9000,,45,,45,,5,1,,,3.1,https://www.southernsteel.com.au/wp-content/uploads/2023/03/Southern-Steel-Supplies-Steel-Reference-Guide-Apr-2023-Rev-4.pdf
45x45x5 EA 12m,EA,PLAIN_CARBON_STEEL,GR300,NONE,METERAGE,TRUE,MILLIMETERS,12000,,45,,45,,5,1,,,3.1,https://www.southernsteel.com.au/wp-content/uploads/2023/03/Southern-Steel-Supplies-Steel-Reference-Guide-Apr-2023-Rev-4.pdf
45x45x3 EA 9m,EA,PLAIN_CARBON_STEEL,GR300,NONE,METERAGE,TRUE,MILLIMETERS,9000,,45,,45,,3,1,,,2.06,https://www.southernsteel.com.au/wp-content/uploads/2023/03/Southern-Steel-Supplies-Steel-Reference-Guide-Apr-2023-Rev-4.pdf
45x45x3 EA 12m,EA,PLAIN_CARBON_STEEL,GR300,NONE,METERAGE,TRUE,MILLIMETERS,12000,,45,,45,,3,1,,,2.06,https://www.southernsteel.com.au/wp-content/uploads/2023/03/Southern-Steel-Supplies-Steel-Reference-Guide-Apr-2023-Rev-4.pdf
40x40x6 EA 9m,EA,PLAIN_CARBON_STEEL,GR300,NONE,METERAGE,TRUE,MILLIMETERS,9000,,40,,40,,6,1,,,3.5,https://www.southernsteel.com.au/wp-content/uploads/2023/03/Southern-Steel-Supplies-Steel-Reference-Guide-Apr-2023-Rev-4.pdf
40x40x6 EA 12m,EA,PLAIN_CARBON_STEEL,GR300,NONE,METERAGE,TRUE,MILLIMETERS,12000,,40,,40,,6,1,,,3.5,https://www.southernsteel.com.au/wp-content/uploads/2023/03/Southern-Steel-Supplies-Steel-Reference-Guide-Apr-2023-Rev-4.pdf
40x40x5 EA 9m,EA,PLAIN_CARBON_STEEL,GR300,NONE,METERAGE,TRUE,MILLIMETERS,9000,,40,,40,,5,1,,,2.73,https://www.southernsteel.com.au/wp-content/uploads/2023/03/Southern-Steel-Supplies-Steel-Reference-Guide-Apr-2023-Rev-4.pdf
40x40x5 EA 12m,EA,PLAIN_CARBON_STEEL,GR300,NONE,METERAGE,TRUE,MILLIMETERS,12000,,40,,40,,5,1,,,2.73,https://www.southernsteel.com.au/wp-content/uploads/2023/03/Southern-Steel-Supplies-Steel-Reference-Guide-Apr-2023-Rev-4.pdf
40x40x3 EA 9m,EA,PLAIN_CARBON_STEEL,GR300,NONE,METERAGE,TRUE,MILLIMETERS,9000,,40,,40,,3,1,,,1.83,https://www.southernsteel.com.au/wp-content/uploads/2023/03/Southern-Steel-Supplies-Steel-Reference-Guide-Apr-2023-Rev-4.pdf
40x40x3 EA 12m,EA,PLAIN_CARBON_STEEL,GR300,NONE,METERAGE,TRUE,MILLIMETERS,12000,,40,,40,,3,1,,,1.83,https://www.southernsteel.com.au/wp-content/uploads/2023/03/Southern-Steel-Supplies-Steel-Reference-Guide-Apr-2023-Rev-4.pdf
30x30x6 EA 9m,EA,PLAIN_CARBON_STEEL,GR300,NONE,METERAGE,TRUE,MILLIMETERS,9000,,30,,30,,6,1,,,2.56,https://www.southernsteel.com.au/wp-content/uploads/2023/03/Southern-Steel-Supplies-Steel-Reference-Guide-Apr-2023-Rev-4.pdf
30x30x6 EA 12m,EA,PLAIN_CARBON_STEEL,GR300,NONE,METERAGE,TRUE,MILLIMETERS,12000,,30,,30,,6,1,,,2.56,https://www.southernsteel.com.au/wp-content/uploads/2023/03/Southern-Steel-Supplies-Steel-Reference-Guide-Apr-2023-Rev-4.pdf
30x30x5 EA 9m,EA,PLAIN_CARBON_STEEL,GR300,NONE,METERAGE,TRUE,MILLIMETERS,9000,,30,,30,,5,1,,,2.01,https://www.southernsteel.com.au/wp-content/uploads/2023/03/Southern-Steel-Supplies-Steel-Reference-Guide-Apr-2023-Rev-4.pdf
30x30x5 EA 12m,EA,PLAIN_CARBON_STEEL,GR300,NONE,METERAGE,TRUE,MILLIMETERS,12000,,30,,30,,5,1,,,2.01,https://www.southernsteel.com.au/wp-content/uploads/2023/03/Southern-Steel-Supplies-Steel-Reference-Guide-Apr-2023-Rev-4.pdf
30x30x3 EA 9m,EA,PLAIN_CARBON_STEEL,GR300,NONE,METERAGE,TRUE,MILLIMETERS,9000,,30,,30,,3,1,,,1.35,https://www.southernsteel.com.au/wp-content/uploads/2023/03/Southern-Steel-Supplies-Steel-Reference-Guide-Apr-2023-Rev-4.pdf
30x30x3 EA 12m,EA,PLAIN_CARBON_STEEL,GR300,NONE,METERAGE,TRUE,MILLIMETERS,12000,,30,,30,,3,1,,,1.35,https://www.southernsteel.com.au/wp-content/uploads/2023/03/Southern-Steel-Supplies-Steel-Reference-Guide-Apr-2023-Rev-4.pdf
25x25x6 EA 9m,EA,PLAIN_CARBON_STEEL,GR300,NONE,METERAGE,TRUE,MILLIMETERS,9000,,25,,25,,6,1,,,2.08,https://www.southernsteel.com.au/wp-content/uploads/2023/03/Southern-Steel-Supplies-Steel-Reference-Guide-Apr-2023-Rev-4.pdf
25x25x6 EA 12m,EA,PLAIN_CARBON_STEEL,GR300,NONE,METERAGE,TRUE,MILLIMETERS,12000,,25,,25,,6,1,,,2.08,https://www.southernsteel.com.au/wp-content/uploads/2023/03/Southern-Steel-Supplies-Steel-Reference-Guide-Apr-2023-Rev-4.pdf
25x25x5 EA 9m,EA,PLAIN_CARBON_STEEL,GR300,NONE,METERAGE,TRUE,MILLIMETERS,9000,,25,,25,,5,1,,,1.65,https://www.southernsteel.com.au/wp-content/uploads/2023/03/Southern-Steel-Supplies-Steel-Reference-Guide-Apr-2023-Rev-4.pdf
25x25x5 EA 12m,EA,PLAIN_CARBON_STEEL,GR300,NONE,METERAGE,TRUE,MILLIMETERS,12000,,25,,25,,5,1,,,1.65,https://www.southernsteel.com.au/wp-content/uploads/2023/03/Southern-Steel-Supplies-Steel-Reference-Guide-Apr-2023-Rev-4.pdf
25x25x3 EA 9m,EA,PLAIN_CARBON_STEEL,GR300,NONE,METERAGE,TRUE,MILLIMETERS,9000,,25,,25,,3,1,,,1.12,https://www.southernsteel.com.au/wp-content/uploads/2023/03/Southern-Steel-Supplies-Steel-Reference-Guide-Apr-2023-Rev-4.pdf
25x25x3 EA 12m,EA,PLAIN_CARBON_STEEL,GR300,NONE,METERAGE,TRUE,MILLIMETERS,12000,,25,,25,,3,1,,,1.12,https://www.southernsteel.com.au/wp-content/uploads/2023/03/Southern-Steel-Supplies-Steel-Reference-Guide-Apr-2023-Rev-4.pdf
,,,,,,,,,,,,,,,,,,,
100x75x10 EA 9m,UA,PLAIN_CARBON_STEEL,GR300,NONE,METERAGE,TRUE,MILLIMETERS,9000,,75,,100,,10,1,,,12.4,https://www.southernsteel.com.au/wp-content/uploads/2023/03/Southern-Steel-Supplies-Steel-Reference-Guide-Apr-2023-Rev-4.pdf
100x75x10 EA 12m,UA,PLAIN_CARBON_STEEL,GR300,NONE,METERAGE,TRUE,MILLIMETERS,12000,,75,,100,,10,1,,,12.4,https://www.southernsteel.com.au/wp-content/uploads/2023/03/Southern-Steel-Supplies-Steel-Reference-Guide-Apr-2023-Rev-4.pdf
100x75x6 EA 9m,UA,PLAIN_CARBON_STEEL,GR300,NONE,METERAGE,TRUE,MILLIMETERS,9000,,75,,100,,8,1,,,10.3,https://www.southernsteel.com.au/wp-content/uploads/2023/03/Southern-Steel-Supplies-Steel-Reference-Guide-Apr-2023-Rev-4.pdf
100x75x6 EA 12m,UA,PLAIN_CARBON_STEEL,GR300,NONE,METERAGE,TRUE,MILLIMETERS,12000,,75,,100,,8,1,,,10.3,https://www.southernsteel.com.au/wp-content/uploads/2023/03/Southern-Steel-Supplies-Steel-Reference-Guide-Apr-2023-Rev-4.pdf
100x75x5 EA 9m,UA,PLAIN_CARBON_STEEL,GR300,NONE,METERAGE,TRUE,MILLIMETERS,9000,,75,,100,,6,1,,,7.98,https://www.southernsteel.com.au/wp-content/uploads/2023/03/Southern-Steel-Supplies-Steel-Reference-Guide-Apr-2023-Rev-4.pdf
100x75x5 EA 12m,UA,PLAIN_CARBON_STEEL,GR300,NONE,METERAGE,TRUE,MILLIMETERS,12000,,75,,100,,6,1,,,7.98,https://www.southernsteel.com.au/wp-content/uploads/2023/03/Southern-Steel-Supplies-Steel-Reference-Guide-Apr-2023-Rev-4.pdf
75x50x8 EA 9m,UA,PLAIN_CARBON_STEEL,GR300,NONE,METERAGE,TRUE,MILLIMETERS,9000,,50,,75,,8,1,,,7.23,https://www.southernsteel.com.au/wp-content/uploads/2023/03/Southern-Steel-Supplies-Steel-Reference-Guide-Apr-2023-Rev-4.pdf
75x50x8 EA 12m,UA,PLAIN_CARBON_STEEL,GR300,NONE,METERAGE,TRUE,MILLIMETERS,12000,,50,,75,,8,1,,,7.23,https://www.southernsteel.com.au/wp-content/uploads/2023/03/Southern-Steel-Supplies-Steel-Reference-Guide-Apr-2023-Rev-4.pdf
75x50x6 EA 9m,UA,PLAIN_CARBON_STEEL,GR300,NONE,METERAGE,TRUE,MILLIMETERS,9000,,50,,75,,6,1,,,5.66,https://www.southernsteel.com.au/wp-content/uploads/2023/03/Southern-Steel-Supplies-Steel-Reference-Guide-Apr-2023-Rev-4.pdf
75x50x6 EA 12m,UA,PLAIN_CARBON_STEEL,GR300,NONE,METERAGE,TRUE,MILLIMETERS,12000,,50,,75,,6,1,,,5.66,https://www.southernsteel.com.au/wp-content/uploads/2023/03/Southern-Steel-Supplies-Steel-Reference-Guide-Apr-2023-Rev-4.pdf
75x50x5 EA 9m,UA,PLAIN_CARBON_STEEL,GR300,NONE,METERAGE,TRUE,MILLIMETERS,9000,,50,,75,,5,1,,,4.4,https://www.southernsteel.com.au/wp-content/uploads/2023/03/Southern-Steel-Supplies-Steel-Reference-Guide-Apr-2023-Rev-4.pdf
75x50x5 EA 12m,UA,PLAIN_CARBON_STEEL,GR300,NONE,METERAGE,TRUE,MILLIMETERS,12000,,50,,75,,5,1,,,4.4,https://www.southernsteel.com.au/wp-content/uploads/2023/03/Southern-Steel-Supplies-Steel-Reference-Guide-Apr-2023-Rev-4.pdf
65x50x8 EA 9m,UA,PLAIN_CARBON_STEEL,GR300,NONE,METERAGE,TRUE,MILLIMETERS,9000,,50,,65,,8,1,,,6.59,https://www.southernsteel.com.au/wp-content/uploads/2023/03/Southern-Steel-Supplies-Steel-Reference-Guide-Apr-2023-Rev-4.pdf
65x50x8 EA 12m,UA,PLAIN_CARBON_STEEL,GR300,NONE,METERAGE,TRUE,MILLIMETERS,12000,,50,,65,,8,1,,,6.59,https://www.southernsteel.com.au/wp-content/uploads/2023/03/Southern-Steel-Supplies-Steel-Reference-Guide-Apr-2023-Rev-4.pdf
65x50x6 EA 9m,UA,PLAIN_CARBON_STEEL,GR300,NONE,METERAGE,TRUE,MILLIMETERS,9000,,50,,65,,6,1,,,5.16,https://www.southernsteel.com.au/wp-content/uploads/2023/03/Southern-Steel-Supplies-Steel-Reference-Guide-Apr-2023-Rev-4.pdf
65x50x6 EA 12m,UA,PLAIN_CARBON_STEEL,GR300,NONE,METERAGE,TRUE,MILLIMETERS,12000,,50,,65,,6,1,,,5.16,https://www.southernsteel.com.au/wp-content/uploads/2023/03/Southern-Steel-Supplies-Steel-Reference-Guide-Apr-2023-Rev-4.pdf
65x50x5 EA 9m,UA,PLAIN_CARBON_STEEL,GR300,NONE,METERAGE,TRUE,MILLIMETERS,9000,,50,,65,,5,1,,,4.02,https://www.southernsteel.com.au/wp-content/uploads/2023/03/Southern-Steel-Supplies-Steel-Reference-Guide-Apr-2023-Rev-4.pdf
65x50x5 EA 12m,UA,PLAIN_CARBON_STEEL,GR300,NONE,METERAGE,TRUE,MILLIMETERS,12000,,50,,65,,5,1,,,4.02,https://www.southernsteel.com.au/wp-content/uploads/2023/03/Southern-Steel-Supplies-Steel-Reference-Guide-Apr-2023-Rev-4.pdf
,,,,,,,,,,,,,,,,,,,
50x25x1.6 RHS,RHS,PLAIN_CARBON_STEEL,GR350,NONE,METERAGE,TRUE,MILLIMETERS,8000,,25,,50,,1.6,1,,,1.75,https://www.southernsteel.com.au/wp-content/uploads/2023/03/Southern-Steel-Supplies-Steel-Reference-Guide-Apr-2023-Rev-4.pdf
50x25x2.0 RHS,RHS,PLAIN_CARBON_STEEL,GR350,NONE,METERAGE,TRUE,MILLIMETERS,8000,,25,,50,,2.0,1,,,2.15,https://www.southernsteel.com.au/wp-content/uploads/2023/03/Southern-Steel-Supplies-Steel-Reference-Guide-Apr-2023-Rev-4.pdf
50x25x2.5 RHS,RHS,PLAIN_CARBON_STEEL,GR350,NONE,METERAGE,TRUE,MILLIMETERS,8000,,25,,50,,2.5,1,,,2.62,https://www.southernsteel.com.au/wp-content/uploads/2023/03/Southern-Steel-Supplies-Steel-Reference-Guide-Apr-2023-Rev-4.pdf
50x25x3.0 RHS,RHS,PLAIN_CARBON_STEEL,GR350,NONE,METERAGE,TRUE,MILLIMETERS,8000,,25,,50,,3.0,1,,,3.07,https://www.southernsteel.com.au/wp-content/uploads/2023/03/Southern-Steel-Supplies-Steel-Reference-Guide-Apr-2023-Rev-4.pdf
65x35x2.0 RHS,RHS,PLAIN_CARBON_STEEL,GR350,NONE,METERAGE,TRUE,MILLIMETERS,8000,,35,,65,,2.0,1,,,2.93,https://www.southernsteel.com.au/wp-content/uploads/2023/03/Southern-Steel-Supplies-Steel-Reference-Guide-Apr-2023-Rev-4.pdf
65x35x2.5 RHS,RHS,PLAIN_CARBON_STEEL,GR350,NONE,METERAGE,TRUE,MILLIMETERS,8000,,35,,65,,2.5,1,,,3.6,https://www.southernsteel.com.au/wp-content/uploads/2023/03/Southern-Steel-Supplies-Steel-Reference-Guide-Apr-2023-Rev-4.pdf
65x35x3.0 RHS,RHS,PLAIN_CARBON_STEEL,GR350,NONE,METERAGE,TRUE,MILLIMETERS,8000,,35,,65,,3.0,1,,,4.25,https://www.southernsteel.com.au/wp-content/uploads/2023/03/Southern-Steel-Supplies-Steel-Reference-Guide-Apr-2023-Rev-4.pdf
65x35x4.0 RHS,RHS,PLAIN_CARBON_STEEL,GR350,NONE,METERAGE,TRUE,MILLIMETERS,8000,,35,,65,,4.0,1,,,5.35,https://www.southernsteel.com.au/wp-content/uploads/2023/03/Southern-Steel-Supplies-Steel-Reference-Guide-Apr-2023-Rev-4.pdf
75x25x1.6 RHS,RHS,PLAIN_CARBON_STEEL,GR350,NONE,METERAGE,TRUE,MILLIMETERS,8000,,25,,75,,1.6,1,,,2.38,https://www.southernsteel.com.au/wp-content/uploads/2023/03/Southern-Steel-Supplies-Steel-Reference-Guide-Apr-2023-Rev-4.pdf
75x25x2.0 RHS,RHS,PLAIN_CARBON_STEEL,GR350,NONE,METERAGE,TRUE,MILLIMETERS,8000,,25,,75,,2.0,1,,,2.93,https://www.southernsteel.com.au/wp-content/uploads/2023/03/Southern-Steel-Supplies-Steel-Reference-Guide-Apr-2023-Rev-4.pdf
75x25x2.5 RHS,RHS,PLAIN_CARBON_STEEL,GR350,NONE,METERAGE,TRUE,MILLIMETERS,8000,,25,,75,,2.5,1,,,3.6,https://www.southernsteel.com.au/wp-content/uploads/2023/03/Southern-Steel-Supplies-Steel-Reference-Guide-Apr-2023-Rev-4.pdf
75x25x3.0 RHS,RHS,PLAIN_CARBON_STEEL,GR350,NONE,METERAGE,TRUE,MILLIMETERS,8000,,25,,75,,3.0,1,,,4.32,https://www.southernsteel.com.au/wp-content/uploads/2023/03/Southern-Steel-Supplies-Steel-Reference-Guide-Apr-2023-Rev-4.pdf
75x50x1.6 RHS,RHS,PLAIN_CARBON_STEEL,GR350,NONE,METERAGE,TRUE,MILLIMETERS,8000,,50,,75,,1.6,1,,,3.01,https://www.southernsteel.com.au/wp-content/uploads/2023/03/Southern-Steel-Supplies-Steel-Reference-Guide-Apr-2023-Rev-4.pdf
75x50x1.6 RHS,RHS,PLAIN_CARBON_STEEL,GR350,NONE,METERAGE,TRUE,MILLIMETERS,12000,,50,,75,,1.6,1,,,3.01,https://www.southernsteel.com.au/wp-content/uploads/2023/03/Southern-Steel-Supplies-Steel-Reference-Guide-Apr-2023-Rev-4.pdf
75x50x2.0 RHS,RHS,PLAIN_CARBON_STEEL,GR350,NONE,METERAGE,TRUE,MILLIMETERS,8000,,50,,75,,2.0,1,,,3.72,https://www.southernsteel.com.au/wp-content/uploads/2023/03/Southern-Steel-Supplies-Steel-Reference-Guide-Apr-2023-Rev-4.pdf
,RHS,PLAIN_CARBON_STEEL,GR350,NONE,METERAGE,TRUE,MILLIMETERS,12000,,50,,75,,2.0,1,,,3.72,https://www.southernsteel.com.au/wp-content/uploads/2023/03/Southern-Steel-Supplies-Steel-Reference-Guide-Apr-2023-Rev-4.pdf
75x50x2.5 RHS,RHS,PLAIN_CARBON_STEEL,GR350,NONE,METERAGE,TRUE,MILLIMETERS,8000,,50,,75,,2.5,1,,,4.58,https://www.southernsteel.com.au/wp-content/uploads/2023/03/Southern-Steel-Supplies-Steel-Reference-Guide-Apr-2023-Rev-4.pdf
,RHS,PLAIN_CARBON_STEEL,GR350,NONE,METERAGE,TRUE,MILLIMETERS,12000,,50,,75,,2.5,1,,,4.58,https://www.southernsteel.com.au/wp-content/uploads/2023/03/Southern-Steel-Supplies-Steel-Reference-Guide-Apr-2023-Rev-4.pdf
75x50x3.0 RHS,RHS,PLAIN_CARBON_STEEL,GR350,NONE,METERAGE,TRUE,MILLIMETERS,8000,,50,,75,,3.0,1,,,5.42,https://www.southernsteel.com.au/wp-content/uploads/2023/03/Southern-Steel-Supplies-Steel-Reference-Guide-Apr-2023-Rev-4.pdf
75x50x4.0 RHS,RHS,PLAIN_CARBON_STEEL,GR350,NONE,METERAGE,TRUE,MILLIMETERS,8000,,50,,75,,4.0,1,,,6.92,https://www.southernsteel.com.au/wp-content/uploads/2023/03/Southern-Steel-Supplies-Steel-Reference-Guide-Apr-2023-Rev-4.pdf
75x50x5.0 RHS,RHS,PLAIN_CARBON_STEEL,GR350,NONE,METERAGE,TRUE,MILLIMETERS,8000,,50,,75,,5.0,1,,,8.35,https://www.southernsteel.com.au/wp-content/uploads/2023/03/Southern-Steel-Supplies-Steel-Reference-Guide-Apr-2023-Rev-4.pdf
,RHS,PLAIN_CARBON_STEEL,GR350,NONE,METERAGE,TRUE,MILLIMETERS,12000,,50,,75,,5.0,1,,,8.35,https://www.southernsteel.com.au/wp-content/uploads/2023/03/Southern-Steel-Supplies-Steel-Reference-Guide-Apr-2023-Rev-4.pdf
75x50x6.0 RHS,RHS,PLAIN_CARBON_STEEL,GR350,NONE,METERAGE,TRUE,MILLIMETERS,8000,,50,,75,,6.0,1,,,9.67,https://www.southernsteel.com.au/wp-content/uploads/2023/03/Southern-Steel-Supplies-Steel-Reference-Guide-Apr-2023-Rev-4.pdf
100x50x1.6 RHS,RHS,PLAIN_CARBON_STEEL,GR350,NONE,METERAGE,TRUE,MILLIMETERS,8000,,50,,100,,1.6,1,,,3.64,https://www.southernsteel.com.au/wp-content/uploads/2023/03/Southern-Steel-Supplies-Steel-Reference-Guide-Apr-2023-Rev-4.pdf
100x50x1.6 RHS,RHS,PLAIN_CARBON_STEEL,GR350,NONE,METERAGE,TRUE,MILLIMETERS,12000,,50,,100,,1.6,1,,,3.64,https://www.southernsteel.com.au/wp-content/uploads/2023/03/Southern-Steel-Supplies-Steel-Reference-Guide-Apr-2023-Rev-4.pdf
100x50x2.0 RHS,RHS,PLAIN_CARBON_STEEL,GR350,NONE,METERAGE,TRUE,MILLIMETERS,8000,,50,,100,,2.0,1,,,4.5,https://www.southernsteel.com.au/wp-content/uploads/2023/03/Southern-Steel-Supplies-Steel-Reference-Guide-Apr-2023-Rev-4.pdf
100x50x2.5 RHS,RHS,PLAIN_CARBON_STEEL,GR350,NONE,METERAGE,TRUE,MILLIMETERS,8000,,50,,100,,2.5,1,,,5.56,https://www.southernsteel.com.au/wp-content/uploads/2023/03/Southern-Steel-Supplies-Steel-Reference-Guide-Apr-2023-Rev-4.pdf
100x50x2.5 RHS,RHS,PLAIN_CARBON_STEEL,GR350,NONE,METERAGE,TRUE,MILLIMETERS,12000,,50,,100,,2.5,1,,,5.56,https://www.southernsteel.com.au/wp-content/uploads/2023/03/Southern-Steel-Supplies-Steel-Reference-Guide-Apr-2023-Rev-4.pdf
100x50x3.0 RHS,RHS,PLAIN_CARBON_STEEL,GR350,NONE,METERAGE,TRUE,MILLIMETERS,8000,,50,,100,,3.0,1,,,6.6,https://www.southernsteel.com.au/wp-content/uploads/2023/03/Southern-Steel-Supplies-Steel-Reference-Guide-Apr-2023-Rev-4.pdf
100x50x3.0 RHS,RHS,PLAIN_CARBON_STEEL,GR350,NONE,METERAGE,TRUE,MILLIMETERS,12000,,50,,100,,3.0,1,,,6.6,https://www.southernsteel.com.au/wp-content/uploads/2023/03/Southern-Steel-Supplies-Steel-Reference-Guide-Apr-2023-Rev-4.pdf
100x50x3.5 RHS,RHS,PLAIN_CARBON_STEEL,GR350,NONE,METERAGE,TRUE,MILLIMETERS,8000,,50,,100,,3.5,1,,,7.53,https://www.southernsteel.com.au/wp-content/uploads/2023/03/Southern-Steel-Supplies-Steel-Reference-Guide-Apr-2023-Rev-4.pdf
100x50x3.5 RHS,RHS,PLAIN_CARBON_STEEL,GR350,NONE,METERAGE,TRUE,MILLIMETERS,12000,,50,,100,,3.5,1,,,7.53,https://www.southernsteel.com.au/wp-content/uploads/2023/03/Southern-Steel-Supplies-Steel-Reference-Guide-Apr-2023-Rev-4.pdf
100x50x4.0 RHS,RHS,PLAIN_CARBON_STEEL,GR350,NONE,METERAGE,TRUE,MILLIMETERS,8000,,50,,100,,4.0,1,,,8.49,https://www.southernsteel.com.au/wp-content/uploads/2023/03/Southern-Steel-Supplies-Steel-Reference-Guide-Apr-2023-Rev-4.pdf
100x50x4.0 RHS,RHS,PLAIN_CARBON_STEEL,GR350,NONE,METERAGE,TRUE,MILLIMETERS,12000,,50,,100,,4.0,1,,,8.49,https://www.southernsteel.com.au/wp-content/uploads/2023/03/Southern-Steel-Supplies-Steel-Reference-Guide-Apr-2023-Rev-4.pdf
100x50x5.0 RHS,RHS,PLAIN_CARBON_STEEL,GR350,NONE,METERAGE,TRUE,MILLIMETERS,8000,,50,,100,,5.0,1,,,10.3,https://www.southernsteel.com.au/wp-content/uploads/2023/03/Southern-Steel-Supplies-Steel-Reference-Guide-Apr-2023-Rev-4.pdf
100x50x5.0 RHS,RHS,PLAIN_CARBON_STEEL,GR350,NONE,METERAGE,TRUE,MILLIMETERS,12000,,50,,100,,5.0,1,,,10.3,https://www.southernsteel.com.au/wp-content/uploads/2023/03/Southern-Steel-Supplies-Steel-Reference-Guide-Apr-2023-Rev-4.pdf
100x50x6.0 RHS,RHS,PLAIN_CARBON_STEEL,GR350,NONE,METERAGE,TRUE,MILLIMETERS,8000,,50,,100,,6.0,1,,,12,https://www.southernsteel.com.au/wp-content/uploads/2023/03/Southern-Steel-Supplies-Steel-Reference-Guide-Apr-2023-Rev-4.pdf
102x76x3.5 RHS,RHS,PLAIN_CARBON_STEEL,GR350,NONE,METERAGE,TRUE,MILLIMETERS,8000,,76,,102,,3.5,1,,,9.07,https://www.southernsteel.com.au/wp-content/uploads/2023/03/Southern-Steel-Supplies-Steel-Reference-Guide-Apr-2023-Rev-4.pdf
102x76x5.0 RHS,RHS,PLAIN_CARBON_STEEL,GR350,NONE,METERAGE,TRUE,MILLIMETERS,8000,,76,,102,,5.0,1,,,12.5,https://www.southernsteel.com.au/wp-content/uploads/2023/03/Southern-Steel-Supplies-Steel-Reference-Guide-Apr-2023-Rev-4.pdf
102x76x6.0 RHS,RHS,PLAIN_CARBON_STEEL,GR350,NONE,METERAGE,TRUE,MILLIMETERS,8000,,76,,102,,6.0,1,,,14.7,https://www.southernsteel.com.au/wp-content/uploads/2023/03/Southern-Steel-Supplies-Steel-Reference-Guide-Apr-2023-Rev-4.pdf
125x75x2.0 RHS,RHS,PLAIN_CARBON_STEEL,GR350,NONE,METERAGE,TRUE,MILLIMETERS,8000,,75,,125,,2.0,1,,,6.07,https://www.southernsteel.com.au/wp-content/uploads/2023/03/Southern-Steel-Supplies-Steel-Reference-Guide-Apr-2023-Rev-4.pdf
125x75x2.5 RHS,RHS,PLAIN_CARBON_STEEL,GR350,NONE,METERAGE,TRUE,MILLIMETERS,8000,,75,,125,,2.5,1,,,7.53,https://www.southernsteel.com.au/wp-content/uploads/2023/03/Southern-Steel-Supplies-Steel-Reference-Guide-Apr-2023-Rev-4.pdf
125x75x2.5 RHS,RHS,PLAIN_CARBON_STEEL,GR350,NONE,METERAGE,TRUE,MILLIMETERS,12000,,75,,125,,2.5,1,,,7.53,https://www.southernsteel.com.au/wp-content/uploads/2023/03/Southern-Steel-Supplies-Steel-Reference-Guide-Apr-2023-Rev-4.pdf
125x75x3.0 RHS,RHS,PLAIN_CARBON_STEEL,GR350,NONE,METERAGE,TRUE,MILLIMETERS,8000,,75,,125,,3.0,1,,,8.96,https://www.southernsteel.com.au/wp-content/uploads/2023/03/Southern-Steel-Supplies-Steel-Reference-Guide-Apr-2023-Rev-4.pdf
125x75x3.0 RHS,RHS,PLAIN_CARBON_STEEL,GR350,NONE,METERAGE,TRUE,MILLIMETERS,12000,,75,,125,,3.0,1,,,8.96,https://www.southernsteel.com.au/wp-content/uploads/2023/03/Southern-Steel-Supplies-Steel-Reference-Guide-Apr-2023-Rev-4.pdf
125x75x4.0 RHS,RHS,PLAIN_CARBON_STEEL,GR350,NONE,METERAGE,TRUE,MILLIMETERS,8000,,75,,125,,4.0,1,,,11.6,https://www.southernsteel.com.au/wp-content/uploads/2023/03/Southern-Steel-Supplies-Steel-Reference-Guide-Apr-2023-Rev-4.pdf
125x75x4.0 RHS,RHS,PLAIN_CARBON_STEEL,GR350,NONE,METERAGE,TRUE,MILLIMETERS,12000,,75,,125,,4.0,1,,,11.6,https://www.southernsteel.com.au/wp-content/uploads/2023/03/Southern-Steel-Supplies-Steel-Reference-Guide-Apr-2023-Rev-4.pdf
125x75x5.0 RHS,RHS,PLAIN_CARBON_STEEL,GR350,NONE,METERAGE,TRUE,MILLIMETERS,8000,,75,,125,,5.0,1,,,14.2,https://www.southernsteel.com.au/wp-content/uploads/2023/03/Southern-Steel-Supplies-Steel-Reference-Guide-Apr-2023-Rev-4.pdf
125x75x5.0 RHS,RHS,PLAIN_CARBON_STEEL,GR350,NONE,METERAGE,TRUE,MILLIMETERS,12000,,75,,125,,5.0,1,,,14.2,https://www.southernsteel.com.au/wp-content/uploads/2023/03/Southern-Steel-Supplies-Steel-Reference-Guide-Apr-2023-Rev-4.pdf
125x75x6.0 RHS,RHS,PLAIN_CARBON_STEEL,GR350,NONE,METERAGE,TRUE,MILLIMETERS,8000,,75,,125,,6.0,1,,,16.7,https://www.southernsteel.com.au/wp-content/uploads/2023/03/Southern-Steel-Supplies-Steel-Reference-Guide-Apr-2023-Rev-4.pdf
125x75x6.0 RHS,RHS,PLAIN_CARBON_STEEL,GR350,NONE,METERAGE,TRUE,MILLIMETERS,12000,,75,,125,,6.0,1,,,16.7,https://www.southernsteel.com.au/wp-content/uploads/2023/03/Southern-Steel-Supplies-Steel-Reference-Guide-Apr-2023-Rev-4.pdf
150x50x2.0 RHS,RHS,PLAIN_CARBON_STEEL,GR350,NONE,METERAGE,TRUE,MILLIMETERS,8000,,50,,150,,2.0,1,,,6.07,https://www.southernsteel.com.au/wp-content/uploads/2023/03/Southern-Steel-Supplies-Steel-Reference-Guide-Apr-2023-Rev-4.pdf
150x50x2.0 RHS,RHS,PLAIN_CARBON_STEEL,GR350,NONE,METERAGE,TRUE,MILLIMETERS,12000,,50,,150,,2.0,1,,,6.07,https://www.southernsteel.com.au/wp-content/uploads/2023/03/Southern-Steel-Supplies-Steel-Reference-Guide-Apr-2023-Rev-4.pdf
150x50x2.5 RHS,RHS,PLAIN_CARBON_STEEL,GR350,NONE,METERAGE,TRUE,MILLIMETERS,8000,,50,,150,,2.5,1,,,7.53,https://www.southernsteel.com.au/wp-content/uploads/2023/03/Southern-Steel-Supplies-Steel-Reference-Guide-Apr-2023-Rev-4.pdf
150x50x3.0 RHS,RHS,PLAIN_CARBON_STEEL,GR350,NONE,METERAGE,TRUE,MILLIMETERS,8000,,50,,150,,3.0,1,,,8.96,https://www.southernsteel.com.au/wp-content/uploads/2023/03/Southern-Steel-Supplies-Steel-Reference-Guide-Apr-2023-Rev-4.pdf
150x50x3.0 RHS,RHS,PLAIN_CARBON_STEEL,GR350,NONE,METERAGE,TRUE,MILLIMETERS,12000,,50,,150,,3.0,1,,,8.96,https://www.southernsteel.com.au/wp-content/uploads/2023/03/Southern-Steel-Supplies-Steel-Reference-Guide-Apr-2023-Rev-4.pdf
150x50x4.0 RHS,RHS,PLAIN_CARBON_STEEL,GR350,NONE,METERAGE,TRUE,MILLIMETERS,8000,,50,,150,,4.0,1,,,11.6,https://www.southernsteel.com.au/wp-content/uploads/2023/03/Southern-Steel-Supplies-Steel-Reference-Guide-Apr-2023-Rev-4.pdf
150x50x4.0 RHS,RHS,PLAIN_CARBON_STEEL,GR350,NONE,METERAGE,TRUE,MILLIMETERS,12000,,50,,150,,4.0,1,,,11.6,https://www.southernsteel.com.au/wp-content/uploads/2023/03/Southern-Steel-Supplies-Steel-Reference-Guide-Apr-2023-Rev-4.pdf
150x50x5.0 RHS,RHS,PLAIN_CARBON_STEEL,GR350,NONE,METERAGE,TRUE,MILLIMETERS,8000,,50,,150,,5.0,1,,,14.2,https://www.southernsteel.com.au/wp-content/uploads/2023/03/Southern-Steel-Supplies-Steel-Reference-Guide-Apr-2023-Rev-4.pdf
150x50x5.0 RHS,RHS,PLAIN_CARBON_STEEL,GR350,NONE,METERAGE,TRUE,MILLIMETERS,12000,,50,,150,,5.0,1,,,14.2,https://www.southernsteel.com.au/wp-content/uploads/2023/03/Southern-Steel-Supplies-Steel-Reference-Guide-Apr-2023-Rev-4.pdf
150x50x6.0 RHS,RHS,PLAIN_CARBON_STEEL,GR350,NONE,METERAGE,TRUE,MILLIMETERS,8000,,50,,150,,6.0,1,,,16.7,https://www.southernsteel.com.au/wp-content/uploads/2023/03/Southern-Steel-Supplies-Steel-Reference-Guide-Apr-2023-Rev-4.pdf
150x50x6.0 RHS,RHS,PLAIN_CARBON_STEEL,GR350,NONE,METERAGE,TRUE,MILLIMETERS,12000,,50,,150,,6.0,1,,,16.7,https://www.southernsteel.com.au/wp-content/uploads/2023/03/Southern-Steel-Supplies-Steel-Reference-Guide-Apr-2023-Rev-4.pdf
152x76x5.0 RHS,RHS,PLAIN_CARBON_STEEL,GR350,NONE,METERAGE,TRUE,MILLIMETERS,8000,,76,,152,,5.0,1,,,16.5,https://www.southernsteel.com.au/wp-content/uploads/2023/03/Southern-Steel-Supplies-Steel-Reference-Guide-Apr-2023-Rev-4.pdf
152x76x5.0 RHS,RHS,PLAIN_CARBON_STEEL,GR350,NONE,METERAGE,TRUE,MILLIMETERS,12000,,76,,152,,5.0,1,,,16.5,https://www.southernsteel.com.au/wp-content/uploads/2023/03/Southern-Steel-Supplies-Steel-Reference-Guide-Apr-2023-Rev-4.pdf
152x76x6.0 RHS,RHS,PLAIN_CARBON_STEEL,GR350,NONE,METERAGE,TRUE,MILLIMETERS,8000,,76,,152,,6.0,1,,,19.4,https://www.southernsteel.com.au/wp-content/uploads/2023/03/Southern-Steel-Supplies-Steel-Reference-Guide-Apr-2023-Rev-4.pdf
150x100x4.0 RHS,RHS,PLAIN_CARBON_STEEL,GR350,NONE,METERAGE,TRUE,MILLIMETERS,8000,,100,,150,,4.0,1,,,14.8,https://www.southernsteel.com.au/wp-content/uploads/2023/03/Southern-Steel-Supplies-Steel-Reference-Guide-Apr-2023-Rev-4.pdf
150x100x4.0 RHS,RHS,PLAIN_CARBON_STEEL,GR350,NONE,METERAGE,TRUE,MILLIMETERS,12000,,100,,150,,4.0,1,,,14.8,https://www.southernsteel.com.au/wp-content/uploads/2023/03/Southern-Steel-Supplies-Steel-Reference-Guide-Apr-2023-Rev-4.pdf
150x100x5.0 RHS,RHS,PLAIN_CARBON_STEEL,GR350,NONE,METERAGE,TRUE,MILLIMETERS,8000,,100,,150,,5.0,1,,,18.2,https://www.southernsteel.com.au/wp-content/uploads/2023/03/Southern-Steel-Supplies-Steel-Reference-Guide-Apr-2023-Rev-4.pdf
150x100x5.0 RHS,RHS,PLAIN_CARBON_STEEL,GR350,NONE,METERAGE,TRUE,MILLIMETERS,12000,,100,,150,,5.0,1,,,18.2,https://www.southernsteel.com.au/wp-content/uploads/2023/03/Southern-Steel-Supplies-Steel-Reference-Guide-Apr-2023-Rev-4.pdf
150x100x6.0 RHS,RHS,PLAIN_CARBON_STEEL,GR350,NONE,METERAGE,TRUE,MILLIMETERS,8000,,100,,150,,6.0,1,,,21.4,https://www.southernsteel.com.au/wp-content/uploads/2023/03/Southern-Steel-Supplies-Steel-Reference-Guide-Apr-2023-Rev-4.pdf
150x100x6.0 RHS,RHS,PLAIN_CARBON_STEEL,GR350,NONE,METERAGE,TRUE,MILLIMETERS,12000,,100,,150,,6.0,1,,,21.4,https://www.southernsteel.com.au/wp-content/uploads/2023/03/Southern-Steel-Supplies-Steel-Reference-Guide-Apr-2023-Rev-4.pdf
150x100x9.0 RHS,RHS,PLAIN_CARBON_STEEL,GR350,NONE,METERAGE,TRUE,MILLIMETERS,8000,,100,,150,,9.0,1,,,30.6,https://www.southernsteel.com.au/wp-content/uploads/2023/03/Southern-Steel-Supplies-Steel-Reference-Guide-Apr-2023-Rev-4.pdf
150x100x9.0 RHS,RHS,PLAIN_CARBON_STEEL,GR350,NONE,METERAGE,TRUE,MILLIMETERS,12000,,100,,150,,9.0,1,,,30.6,https://www.southernsteel.com.au/wp-content/uploads/2023/03/Southern-Steel-Supplies-Steel-Reference-Guide-Apr-2023-Rev-4.pdf
200x100x4.0 RHS,RHS,PLAIN_CARBON_STEEL,GR350,NONE,METERAGE,TRUE,MILLIMETERS,8000,,100,,200,,4.0,1,,,17.9,https://www.southernsteel.com.au/wp-content/uploads/2023/03/Southern-Steel-Supplies-Steel-Reference-Guide-Apr-2023-Rev-4.pdf
200x100x4.0 RHS,RHS,PLAIN_CARBON_STEEL,GR350,NONE,METERAGE,TRUE,MILLIMETERS,12000,,100,,200,,4.0,1,,,17.9,https://www.southernsteel.com.au/wp-content/uploads/2023/03/Southern-Steel-Supplies-Steel-Reference-Guide-Apr-2023-Rev-4.pdf
200x100x5.0 RHS,RHS,PLAIN_CARBON_STEEL,GR350,NONE,METERAGE,TRUE,MILLIMETERS,8000,,100,,200,,5.0,1,,,22.1,https://www.southernsteel.com.au/wp-content/uploads/2023/03/Southern-Steel-Supplies-Steel-Reference-Guide-Apr-2023-Rev-4.pdf
200x100x5.0 RHS,RHS,PLAIN_CARBON_STEEL,GR350,NONE,METERAGE,TRUE,MILLIMETERS,12000,,100,,200,,5.0,1,,,22.1,https://www.southernsteel.com.au/wp-content/uploads/2023/03/Southern-Steel-Supplies-Steel-Reference-Guide-Apr-2023-Rev-4.pdf
200x100x6.0 RHS,RHS,PLAIN_CARBON_STEEL,GR350,NONE,METERAGE,TRUE,MILLIMETERS,8000,,100,,200,,6.0,1,,,26.2,https://www.southernsteel.com.au/wp-content/uploads/2023/03/Southern-Steel-Supplies-Steel-Reference-Guide-Apr-2023-Rev-4.pdf
200x100x6.0 RHS,RHS,PLAIN_CARBON_STEEL,GR350,NONE,METERAGE,TRUE,MILLIMETERS,12000,,100,,200,,6.0,1,,,26.2,https://www.southernsteel.com.au/wp-content/uploads/2023/03/Southern-Steel-Supplies-Steel-Reference-Guide-Apr-2023-Rev-4.pdf
200x100x9.0 RHS,RHS,PLAIN_CARBON_STEEL,GR350,NONE,METERAGE,TRUE,MILLIMETERS,8000,,100,,200,,9.0,1,,,37.7,https://www.southernsteel.com.au/wp-content/uploads/2023/03/Southern-Steel-Supplies-Steel-Reference-Guide-Apr-2023-Rev-4.pdf
200x100x9.0 RHS,RHS,PLAIN_CARBON_STEEL,GR350,NONE,METERAGE,TRUE,MILLIMETERS,12000,,100,,200,,9.0,1,,,37.7,https://www.southernsteel.com.au/wp-content/uploads/2023/03/Southern-Steel-Supplies-Steel-Reference-Guide-Apr-2023-Rev-4.pdf
250x150x5.0 RHS,RHS,PLAIN_CARBON_STEEL,GR350,NONE,METERAGE,TRUE,MILLIMETERS,8000,,150,,250,,5.0,1,,,29.9,https://www.southernsteel.com.au/wp-content/uploads/2023/03/Southern-Steel-Supplies-Steel-Reference-Guide-Apr-2023-Rev-4.pdf
250x150x5.0 RHS,RHS,PLAIN_CARBON_STEEL,GR350,NONE,METERAGE,TRUE,MILLIMETERS,12000,,150,,250,,5.0,1,,,29.9,https://www.southernsteel.com.au/wp-content/uploads/2023/03/Southern-Steel-Supplies-Steel-Reference-Guide-Apr-2023-Rev-4.pdf
250x150x6.0 RHS,RHS,PLAIN_CARBON_STEEL,GR350,NONE,METERAGE,TRUE,MILLIMETERS,8000,,150,,250,,6.0,1,,,35.6,https://www.southernsteel.com.au/wp-content/uploads/2023/03/Southern-Steel-Supplies-Steel-Reference-Guide-Apr-2023-Rev-4.pdf
250x150x6.0 RHS,RHS,PLAIN_CARBON_STEEL,GR350,NONE,METERAGE,TRUE,MILLIMETERS,12000,,150,,250,,6.0,1,,,35.6,https://www.southernsteel.com.au/wp-content/uploads/2023/03/Southern-Steel-Supplies-Steel-Reference-Guide-Apr-2023-Rev-4.pdf
250x150x9.0 RHS,RHS,PLAIN_CARBON_STEEL,GR350,NONE,METERAGE,TRUE,MILLIMETERS,8000,,150,,250,,9.0,1,,,51.8,https://www.southernsteel.com.au/wp-content/uploads/2023/03/Southern-Steel-Supplies-Steel-Reference-Guide-Apr-2023-Rev-4.pdf
250x150x9.0 RHS,RHS,PLAIN_CARBON_STEEL,GR350,NONE,METERAGE,TRUE,MILLIMETERS,12000,,150,,250,,9.0,1,,,51.8,https://www.southernsteel.com.au/wp-content/uploads/2023/03/Southern-Steel-Supplies-Steel-Reference-Guide-Apr-2023-Rev-4.pdf
250x150x12.5 RHS,RHS,PLAIN_CARBON_STEEL,GR350,NONE,METERAGE,TRUE,MILLIMETERS,12000,,150,,250,,12.5,1,,,69.4,https://www.southernsteel.com.au/wp-content/uploads/2023/03/Southern-Steel-Supplies-Steel-Reference-Guide-Apr-2023-Rev-4.pdf
250x150x16.0 RHS,RHS,PLAIN_CARBON_STEEL,GR350,NONE,METERAGE,TRUE,MILLIMETERS,12000,,150,,250,,16.0,1,,,85.5,https://www.southernsteel.com.au/wp-content/uploads/2023/03/Southern-Steel-Supplies-Steel-Reference-Guide-Apr-2023-Rev-4.pdf
300x200x6.0 RHS,RHS,PLAIN_CARBON_STEEL,GR350,NONE,METERAGE,TRUE,MILLIMETERS,8000,,200,,300,,6.0,1,,,45,https://www.southernsteel.com.au/wp-content/uploads/2023/03/Southern-Steel-Supplies-Steel-Reference-Guide-Apr-2023-Rev-4.pdf
300x200x6.0 RHS,RHS,PLAIN_CARBON_STEEL,GR350,NONE,METERAGE,TRUE,MILLIMETERS,12000,,200,,300,,6.0,1,,,45,https://www.southernsteel.com.au/wp-content/uploads/2023/03/Southern-Steel-Supplies-Steel-Reference-Guide-Apr-2023-Rev-4.pdf
300x200x8.0 RHS,RHS,PLAIN_CARBON_STEEL,GR350,NONE,METERAGE,TRUE,MILLIMETERS,8000,,200,,300,,8.0,1,,,51.1,https://www.southernsteel.com.au/wp-content/uploads/2023/03/Southern-Steel-Supplies-Steel-Reference-Guide-Apr-2023-Rev-4.pdf
300x200x8.0 RHS,RHS,PLAIN_CARBON_STEEL,GR350,NONE,METERAGE,TRUE,MILLIMETERS,12000,,200,,300,,8.0,1,,,51.1,https://www.southernsteel.com.au/wp-content/uploads/2023/03/Southern-Steel-Supplies-Steel-Reference-Guide-Apr-2023-Rev-4.pdf
300x200x9.0 RHS,RHS,PLAIN_CARBON_STEEL,GR350,NONE,METERAGE,TRUE,MILLIMETERS,12000,,200,,300,,9.0,1,,,65.9,https://www.southernsteel.com.au/wp-content/uploads/2023/03/Southern-Steel-Supplies-Steel-Reference-Guide-Apr-2023-Rev-4.pdf
300x200x10.0 RHS,RHS,PLAIN_CARBON_STEEL,GR350,NONE,METERAGE,TRUE,MILLIMETERS,8000,,200,,300,,10.0,1,,,72.7,https://www.southernsteel.com.au/wp-content/uploads/2023/03/Southern-Steel-Supplies-Steel-Reference-Guide-Apr-2023-Rev-4.pdf
300x200x10.0 RHS,RHS,PLAIN_CARBON_STEEL,GR350,NONE,METERAGE,TRUE,MILLIMETERS,12000,,200,,300,,10.0,1,,,72.7,https://www.southernsteel.com.au/wp-content/uploads/2023/03/Southern-Steel-Supplies-Steel-Reference-Guide-Apr-2023-Rev-4.pdf
300x200x12.5 RHS,RHS,PLAIN_CARBON_STEEL,GR350,NONE,METERAGE,TRUE,MILLIMETERS,12000,,200,,300,,12.5,1,,,89,https://www.southernsteel.com.au/wp-content/uploads/2023/03/Southern-Steel-Supplies-Steel-Reference-Guide-Apr-2023-Rev-4.pdf
300x200x16.0 RHS,RHS,PLAIN_CARBON_STEEL,GR350,NONE,METERAGE,TRUE,MILLIMETERS,12000,,200,,300,,16.0,1,,,111,https://www.southernsteel.com.au/wp-content/uploads/2023/03/Southern-Steel-Supplies-Steel-Reference-Guide-Apr-2023-Rev-4.pdf
350x250x8.0 RHS,RHS,PLAIN_CARBON_STEEL,GR350,NONE,METERAGE,TRUE,MILLIMETERS,12000,,250,,350,,8.0,1,,,71.58,https://www.southernsteel.com.au/wp-content/uploads/2023/03/Southern-Steel-Supplies-Steel-Reference-Guide-Apr-2023-Rev-4.pdf
350x250x10.0 RHS,RHS,PLAIN_CARBON_STEEL,GR350,NONE,METERAGE,TRUE,MILLIMETERS,12000,,250,,350,,10.0,1,,,88.4,https://www.southernsteel.com.au/wp-content/uploads/2023/03/Southern-Steel-Supplies-Steel-Reference-Guide-Apr-2023-Rev-4.pdf
350x250x12.5 RHS,RHS,PLAIN_CARBON_STEEL,GR350,NONE,METERAGE,TRUE,MILLIMETERS,12000,,250,,350,,12.5,1,,,109,https://www.southernsteel.com.au/wp-content/uploads/2023/03/Southern-Steel-Supplies-Steel-Reference-Guide-Apr-2023-Rev-4.pdf
350x250x16.0 RHS,RHS,PLAIN_CARBON_STEEL,GR350,NONE,METERAGE,TRUE,MILLIMETERS,12000,,250,,350,,16.0,1,,,136,https://www.southernsteel.com.au/wp-content/uploads/2023/03/Southern-Steel-Supplies-Steel-Reference-Guide-Apr-2023-Rev-4.pdf
400x200x8.0 RHS,RHS,PLAIN_CARBON_STEEL,GR350,NONE,METERAGE,TRUE,MILLIMETERS,12000,,200,,400,,8.0,1,,,71.6,https://www.southernsteel.com.au/wp-content/uploads/2023/03/Southern-Steel-Supplies-Steel-Reference-Guide-Apr-2023-Rev-4.pdf
400x200x10.0 RHS,RHS,PLAIN_CARBON_STEEL,GR350,NONE,METERAGE,TRUE,MILLIMETERS,12000,,200,,400,,10.0,1,,,88.4,https://www.southernsteel.com.au/wp-content/uploads/2023/03/Southern-Steel-Supplies-Steel-Reference-Guide-Apr-2023-Rev-4.pdf
400x200x12.5 RHS,RHS,PLAIN_CARBON_STEEL,GR350,NONE,METERAGE,TRUE,MILLIMETERS,12000,,200,,400,,12.5,1,,,109,https://www.southernsteel.com.au/wp-content/uploads/2023/03/Southern-Steel-Supplies-Steel-Reference-Guide-Apr-2023-Rev-4.pdf
400x200x16.0 RHS,RHS,PLAIN_CARBON_STEEL,GR350,NONE,METERAGE,TRUE,MILLIMETERS,12000,,200,,400,,16.0,1,,,136,https://www.southernsteel.com.au/wp-content/uploads/2023/03/Southern-Steel-Supplies-Steel-Reference-Guide-Apr-2023-Rev-4.pdf
400x300x12.5 RHS,RHS,PLAIN_CARBON_STEEL,GR350,NONE,METERAGE,TRUE,MILLIMETERS,12000,,300,,400,,12.5,1,,,128,https://www.southernsteel.com.au/wp-content/uploads/2023/03/Southern-Steel-Supplies-Steel-Reference-Guide-Apr-2023-Rev-4.pdf
400x300x16.0 RHS,RHS,PLAIN_CARBON_STEEL,GR350,NONE,METERAGE,TRUE,MILLIMETERS,12000,,300,,400,,16.0,1,,,161,https://www.southernsteel.com.au/wp-content/uploads/2023/03/Southern-Steel-Supplies-Steel-Reference-Guide-Apr-2023-Rev-4.pdf
,,,,,,,,,,,,,,,,,,,
75x8FL,FLAT,PLAIN_CARBON_STEEL,GR350,NONE,METERAGE,TRUE,MILLIMETERS,6000,,75,,8,,,1,,,,https://www.southernsteel.com.au/wp-content/uploads/2023/03/Southern-Steel-Supplies-Steel-Reference-Guide-Apr-2023-Rev-4.pdf